IdVenta,Fecha,Fecha_Entrega,IdCanal,IdCliente,IdSucursal,IdEmpleado,IdProducto,Precio,Cantidad,Outlier,promedio,maximo
20,2019-10-21,2019-10-24,2,667,13,13001674,42992,570.000,30,0,2.49,11.9
84,2015-02-07,2015-02-12,3,993,13,13001674,42884,498.000,20,0,2.48,11.39
101,2017-06-17,2017-06-21,2,1043,13,13001674,42883,498.000,20,0,2.30,10.82
155,2019-03-14,2019-03-21,1,974,13,13001674,42938,2679.000,20,0,2.07,6.52
160,2019-07-09,2019-07-10,2,2689,13,13001674,42920,789.000,20,0,2.20,7.9
175,2015-11-18,2015-11-21,3,2760,13,13001674,42951,3043.000,20,0,2.64,14.82
177,2016-03-21,2016-03-22,3,1769,13,13001674,42988,598.000,30,0,2.32,10.65
279,2015-09-09,2015-09-16,3,3146,13,13001516,42772,6569.860,30,0,2.88,16.71
316,2015-03-09,2015-03-14,1,944,13,13001516,42840,353.320,20,0,2.02,6.29
332,2017-01-17,2017-01-21,1,1859,13,13001516,42871,560.000,20,0,2.38,11.54
397,2019-04-13,2019-04-18,2,787,13,13001516,42893,515.000,20,0,2.43,12.05
566,2017-07-27,2017-08-01,2,708,13,13001330,42824,584.760,20,0,2.82,15.53
626,2018-08-02,2018-08-10,3,529,13,13001330,42892,515.000,30,0,2.70,15.15
632,2019-05-10,2019-05-14,2,1715,13,13001330,42924,625.000,20,0,2.40,12.44
648,2015-09-30,2015-10-07,3,3263,13,13001330,42984,258.000,20,0,2.12,8.26
724,2017-04-03,2017-04-04,1,3239,13,13001657,43038,1163.000,20,0,2.23,7.98
806,2017-06-15,2017-06-25,1,3365,13,13001657,42844,1810.380,20,0,2.30,9.43
831,2015-01-02,2015-01-03,1,1390,13,13001657,42892,515.000,30,0,2.70,15.15
886,2016-03-05,2016-03-10,2,2667,13,13001657,43008,389.000,30,0,2.29,10.33
891,2016-08-03,2016-08-06,1,3091,13,13001657,42963,2355.000,30,0,2.40,12.37
893,2017-04-29,2017-05-01,2,1092,13,13001657,42972,2741.000,20,0,2.43,10.38
936,2019-01-17,2019-01-18,2,935,13,13001658,42764,1385.780,20,0,2.20,9.62
939,2017-10-23,2017-10-24,1,2876,13,13001658,42834,818.840,20,0,2.55,12.74
978,2017-03-28,2017-04-06,2,1117,13,13001658,43026,530.000,20,0,2.30,8.85
1010,2019-12-13,2019-12-16,2,1865,13,13001658,42777,2557.500,30,0,2.47,11.9
1058,2019-10-18,2019-10-19,2,2798,13,13001658,42855,1130.000,20,0,2.19,8.66
1087,2017-07-26,2017-07-30,1,1097,13,13001658,42912,1654.000,30,0,2.39,11.67
1093,2018-05-16,2018-05-17,1,1054,13,13001658,42915,1765.000,10,0,2.37,9.77
1102,2019-04-13,2019-04-18,1,787,13,13001658,42893,515.000,20,0,2.43,12.05
1136,2016-11-09,2016-11-14,1,1370,13,13001658,42995,364.000,20,0,2.06,6.82
1142,2018-01-12,2018-01-16,1,630,13,13001658,42998,529.000,30,0,2.76,15.23
1176,2020-05-02,2020-05-04,2,2457,13,13001658,43023,643.000,20,0,2.44,11.56
1256,2017-09-18,2017-09-22,1,3244,1,1001695,42798,1556.280,20,0,2.94,16.58
1314,2019-02-25,2019-03-02,1,2152,1,1001695,42871,560.000,30,0,2.38,11.54
1321,2020-04-25,2020-04-30,1,728,1,1001695,42824,584.760,20,0,2.82,15.53
1348,2018-11-14,2018-11-19,2,380,1,1001695,42918,789.000,30,0,2.45,13.57
1378,2015-12-14,2015-12-18,3,1123,1,1001695,43014,502.000,20,0,2.70,15.24
1384,2016-06-24,2016-06-29,1,1003,1,1001695,42992,570.000,20,0,2.49,11.9
1403,2018-10-10,2018-10-11,1,383,1,1001695,42961,2867.000,20,0,2.18,8.76
1413,2020-01-23,2020-01-28,2,1312,1,1001695,43017,358.000,20,0,2.57,12.84
1433,2018-12-17,2018-12-21,1,1767,1,1001695,43021,435.000,30,0,2.11,9.36
1463,2015-11-18,2015-11-21,1,1337,1,1001285,42904,135.000,20,0,2.15,7.96
1575,2018-11-02,2018-11-09,2,216,1,1001285,42868,199.000,20,0,2.49,11.96
1661,2016-02-27,2016-03-02,1,1349,1,1001285,42972,2741.000,20,0,2.43,10.38
1992,2017-11-20,2017-11-27,2,474,1,1001284,43029,1094.000,10,0,2.16,8.54
1996,2019-01-19,2019-01-27,2,1721,1,1001284,43039,815.000,30,0,2.39,12.22
2036,2016-05-09,2016-05-18,3,2707,1,1001674,42763,2118.380,30,0,2.54,14.01
2038,2017-11-23,2017-12-01,1,3,1,1001674,42793,871.860,10,0,2.12,6.97
2241,2019-12-17,2019-12-18,2,564,1,1001674,42990,353.000,20,0,2.41,11.28
2358,2018-04-20,2018-04-25,1,1473,1,1001977,42775,3206.060,20,0,2.19,9.48
2469,2020-05-06,2020-05-11,2,1854,1,1001977,42942,2749.000,30,0,2.32,12.78
2470,2015-02-20,2015-03-02,1,319,1,1001977,42999,547.000,30,0,2.10,8.82
2530,2018-12-17,2018-12-21,2,1767,1,1001977,43021,435.000,10,0,2.11,9.36
2693,2016-12-06,2016-12-10,3,2248,1,1001725,42899,199.000,20,0,2.44,11.4
2732,2015-03-06,2015-03-07,1,574,1,1001725,42981,52.000,20,0,2.59,11.35
2789,2018-01-08,2018-01-12,2,1213,1,1001725,43036,744.000,30,0,2.38,12.4
2900,2020-05-13,2020-05-18,2,843,1,1001675,42789,21802.000,10,0,2.23,7.67
2945,2015-09-03,2015-09-04,3,2318,1,1001675,42924,625.000,20,0,2.40,12.44
3113,2015-05-16,2015-05-24,2,120,1,1001968,42930,156.000,30,0,2.75,15.33
3144,2015-12-18,2015-12-22,1,878,1,1001968,42762,2106.060,20,0,2.48,13.26
3244,2017-10-14,2017-10-17,3,1308,1,1001968,42910,1502.000,30,0,2.38,12.78
3303,2018-06-14,2018-06-22,1,2090,1,1001968,42953,3620.000,20,0,2.76,15.5
3344,2020-03-28,2020-03-30,2,2043,1,1001968,42940,2162.000,10,0,2.40,9.38
3415,2017-01-03,2017-01-04,1,2789,14,14001294,42792,479.820,20,0,2.30,8.32
3451,2017-11-28,2017-12-02,2,277,14,14001294,42844,1810.380,20,0,2.30,9.43
3454,2018-03-20,2018-03-24,3,582,14,14001294,42878,560.000,20,0,2.63,12.81
3473,2015-02-02,2015-02-12,3,283,14,14001294,42898,515.000,20,0,2.46,13.16
3509,2015-07-16,2015-07-23,3,81,14,14001294,43014,502.000,30,0,2.70,15.24
3652,2016-02-11,2016-02-16,1,461,14,14001428,42859,610.000,20,0,2.84,16.93
3680,2015-03-13,2015-03-21,3,894,14,14001428,42899,199.000,20,0,2.44,11.4
3733,2016-02-09,2016-02-13,1,1292,14,14001428,42982,13.000,20,0,2.22,8.39
3753,2019-05-16,2019-05-23,3,1097,14,14001428,42977,111.000,10,0,2.07,5.3
3760,2020-04-21,2020-04-24,1,1483,14,14001428,42964,2824.000,10,0,2.06,4.96
3805,2019-05-23,2019-05-31,1,1479,14,14001814,42784,1748.780,20,0,2.36,10.59
3853,2019-08-05,2019-08-06,2,633,14,14001814,42770,3597.220,20,0,2.44,12.17
3992,2020-02-19,2020-02-22,3,2919,14,14001814,42790,762.960,10,0,2.20,9.82
4041,2017-01-24,2017-01-30,2,216,14,14001978,42956,2093.000,30,0,2.45,12.84
4170,2016-03-22,2016-04-01,3,1563,14,14001978,42996,518.000,20,0,2.78,14.61
4189,2018-11-15,2018-11-18,2,1394,14,14001978,42978,112.000,20,0,2.59,14.31
4220,2020-03-16,2020-03-18,2,483,14,14001978,42997,485.000,20,0,2.55,12.16
4410,2016-06-13,2016-06-14,2,1813,14,14001530,43012,510.000,20,0,2.44,11.48
4448,2018-09-12,2018-09-14,3,1156,14,14001530,43037,1137.000,20,0,2.54,11.55
4519,2017-02-18,2017-02-26,3,1851,14,14001152,42783,2452.340,20,0,2.24,8.97
4593,2016-08-15,2016-08-19,2,1712,14,14001152,42915,1765.000,20,0,2.37,9.77
4595,2016-10-31,2016-11-05,1,2890,14,14001152,42930,156.000,20,0,2.75,15.33
4742,2015-10-08,2015-10-10,3,2021,2,2001079,42787,1366.420,10,0,2.24,7.43
4747,2016-03-15,2016-03-19,2,1403,2,2001079,42818,1907.620,20,0,2.28,10.12
4794,2016-05-10,2016-05-11,1,1774,2,2001079,42857,542.000,20,0,2.32,8.89
4979,2018-04-17,2018-04-25,1,1067,2,2001676,42780,4028.860,30,0,2.71,14.68
4984,2017-10-03,2017-10-04,1,2820,2,2001676,42856,481.000,20,0,2.03,7.12
5096,2017-12-01,2017-12-06,3,946,2,2001676,42867,199.000,20,0,2.80,13.43
5201,2016-07-20,2016-07-21,3,2026,2,2001676,43008,389.000,20,0,2.29,10.33
5266,2020-01-03,2020-01-05,2,1432,2,2001676,42918,789.000,20,0,2.45,13.57
5280,2015-04-11,2015-04-12,2,3241,2,2001290,42785,1597.420,20,0,2.29,8.81
5298,2016-01-14,2016-01-17,3,1632,2,2001290,42967,3365.000,30,0,2.62,14.84
5338,2015-08-27,2015-08-31,1,2112,2,2001290,42776,1423.400,20,0,2.60,13.75
5346,2016-08-18,2016-08-25,3,421,2,2001290,42788,421.960,20,0,2.71,13.25
5428,2019-05-08,2019-05-12,3,1679,2,2001290,42882,498.000,30,0,2.56,12.68
5491,2019-08-05,2019-08-08,3,404,2,2001290,42947,2974.000,10,0,2.25,7.61
5509,2016-11-25,2016-11-30,2,321,2,2001290,42966,3415.000,20,0,2.63,14.62
5537,2019-02-05,2019-02-06,1,2989,2,2001290,42955,2366.000,30,0,2.60,12.62
5591,2015-09-12,2015-09-13,1,212,2,2001961,42904,135.000,20,0,2.15,7.96
5616,2018-03-12,2018-03-18,3,1061,2,2001961,42883,498.000,30,0,2.30,10.82
5648,2015-10-17,2015-10-21,1,1022,2,2001961,42775,3206.060,10,0,2.19,9.48
5682,2019-12-09,2019-12-13,2,841,2,2001961,42762,2106.060,30,0,2.48,13.26
5728,2019-04-12,2019-04-14,2,3381,2,2001961,42867,199.000,20,0,2.80,13.43
5740,2019-12-23,2019-12-31,3,1965,2,2001961,42859,610.000,30,0,2.84,16.93
5750,2015-07-15,2015-07-19,3,584,2,2001961,42942,2749.000,20,0,2.32,12.78
5811,2020-05-26,2020-06-02,2,1339,2,2001961,42894,515.000,30,0,2.15,9.79
5873,2020-01-31,2020-02-09,2,306,2,2001961,42865,199.000,30,0,2.79,15.76
5892,2020-01-28,2020-01-29,2,1962,2,2001675,42789,218.020,10,0,2.23,7.67
5930,2016-07-06,2016-07-15,2,2782,2,2001675,42906,321.000,30,0,2.53,13.03
5953,2015-08-12,2015-08-17,3,3348,2,2001675,42796,457.820,20,0,2.50,11.88
6088,2017-10-27,2017-10-29,3,2723,2,2001675,42915,1765.000,30,0,2.37,9.77
6099,2019-01-16,2019-01-20,1,1337,2,2001675,42944,3686.000,30,0,2.65,13.91
6102,2019-01-29,2019-02-03,2,2669,2,2001675,42922,741.000,10,0,2.11,5.78
6211,2017-01-12,2017-01-13,3,1577,2,2001368,42864,199.000,30,0,2.29,10.63
6378,2016-07-27,2016-07-31,2,1664,2,2001368,42946,2173.000,20,0,2.36,10.12
6425,2015-05-13,2015-05-18,3,2849,2,2001368,42983,354.000,20,0,2.32,10.44
6444,2017-04-17,2017-04-24,2,2658,2,2001368,43007,407.000,20,0,2.47,12.66
6459,2018-10-22,2018-10-26,3,1523,2,2001368,42998,529.000,20,0,2.76,15.23
6504,2020-04-27,2020-05-01,1,353,2,2001368,43040,757.000,20,0,2.10,7.08
6633,2016-05-04,2016-05-06,3,2955,15,15001011,42947,2974.000,10,0,2.25,7.61
6660,2019-08-07,2019-08-08,1,547,15,15001011,42885,498.000,20,0,2.38,9.69
6722,2018-09-15,2018-09-20,2,2813,15,15001011,43027,461.000,20,0,2.20,9.15
6724,2019-06-26,2019-07-04,2,473,15,15001011,43037,1137.000,20,0,2.54,11.55
6835,2016-09-09,2016-09-14,3,2787,15,15001359,42824,584.760,30,0,2.82,15.53
6837,2016-10-08,2016-10-15,2,897,15,15001359,42884,498.000,30,0,2.48,11.39
6875,2016-08-19,2016-08-26,1,337,15,15001359,42913,1357.000,20,0,2.64,12.7
6902,2015-06-27,2015-07-01,1,578,15,15001359,42979,113.000,30,0,2.56,14
6943,2017-07-04,2017-07-11,3,2900,15,15001359,43041,779.000,30,0,2.62,13.73
6987,2015-07-04,2015-07-10,3,1144,15,15001724,42816,1254.880,20,0,2.38,10.37
7076,2017-08-17,2017-08-22,1,1861,15,15001724,42862,512.000,20,0,2.77,14.82
7130,2015-11-07,2015-11-14,1,466,15,15001724,42955,2366.000,20,0,2.60,12.62
7167,2019-12-31,2020-01-03,2,1137,15,15001724,42951,3043.000,30,0,2.64,14.82
7184,2020-01-07,2020-01-10,3,1535,15,15001724,43043,1159.000,20,0,2.59,14.6
7185,2020-02-04,2020-02-05,3,779,15,15001724,43030,1175.000,20,0,2.48,12.14
7196,2015-08-13,2015-08-21,3,1033,15,15001923,42918,789.000,30,0,2.45,13.57
7270,2015-01-26,2015-01-30,3,156,15,15001923,42872,560.000,20,0,2.11,8.28
7295,2018-02-12,2018-02-16,2,564,15,15001923,42843,684.200,20,0,2.27,10.31
7303,2018-10-12,2018-10-13,1,1483,15,15001923,42860,587.000,20,0,2.53,12.83
7304,2019-02-15,2019-02-17,1,3063,15,15001923,42819,860.420,20,0,2.61,13.43
7398,2016-06-24,2016-06-28,3,2970,15,15001923,43026,530.000,10,0,2.30,8.85
7545,2018-06-11,2018-06-16,1,1692,15,15001794,42821,653.620,30,0,2.40,11.58
7570,2017-03-03,2017-03-05,2,553,15,15001794,42886,498.000,20,0,2.64,13.36
7607,2017-09-18,2017-09-23,1,1003,15,15001794,42991,438.000,20,0,2.26,10.88
7675,2015-01-19,2015-01-25,3,639,15,15001558,42819,860.420,30,0,2.61,13.43
7719,2018-11-08,2018-11-16,3,1860,15,15001558,42798,1556.280,20,0,2.94,16.58
7735,2016-01-05,2016-01-12,1,2981,15,15001558,42871,560.000,20,0,2.38,11.54
7744,2016-09-28,2016-10-03,3,17,15,15001558,42823,904.420,20,0,2.23,8.61
7762,2018-10-12,2018-10-13,1,1483,15,15001558,42860,587.000,30,0,2.53,12.83
7845,2017-04-28,2017-05-01,1,2807,15,15001558,43000,374.000,20,0,2.18,8.6
7950,2017-09-13,2017-09-21,1,2966,15,15001949,42795,543.180,20,0,2.29,10.86
8008,2015-01-14,2015-01-16,1,2666,15,15001949,42898,515.000,30,0,2.46,13.16
8018,2016-05-11,2016-05-12,2,1731,15,15001949,42940,216200.000,10,0,2.40,9.38
8081,2019-01-01,2019-01-06,1,3021,15,15001949,43014,502.000,20,0,2.70,15.24
8091,2020-04-15,2020-04-19,3,814,15,15001949,42953,3620.000,30,0,2.76,15.5
8152,2015-02-11,2015-02-19,1,3142,15,15001311,43014,502.000,30,0,2.70,15.24
8163,2019-01-05,2019-01-13,2,1774,15,15001311,43017,358.000,20,0,2.57,12.84
8376,2016-04-18,2016-04-21,1,1984,3,3001950,42981,52.000,20,0,2.59,11.35
8462,2015-03-23,2015-03-24,3,680,3,3001950,42867,199.000,20,0,2.80,13.43
8531,2017-06-13,2017-06-20,1,1489,3,3001950,42896,515.000,20,0,2.42,9.89
8574,2015-12-21,2015-12-24,1,1785,3,3001950,42992,570.000,20,0,2.49,11.9
8675,2020-01-11,2020-01-14,2,783,3,3001068,43023,643.000,20,0,2.44,11.56
8687,2018-10-03,2018-10-06,2,373,3,3001068,42929,321.000,20,0,2.21,8.71
8694,2018-03-29,2018-04-01,2,416,3,3001068,43005,42100.000,30,0,2.42,12.1
8709,2016-02-18,2016-02-23,3,2263,3,3001068,42770,3597.220,30,0,2.44,12.17
8885,2020-03-10,2020-03-15,2,1195,3,3001068,43010,387.000,20,0,2.31,9.16
8891,2016-08-06,2016-08-10,2,3003,3,3001068,43034,1004.000,20,0,2.28,10.14
8995,2017-05-03,2017-05-07,2,2977,3,3001012,42776,1423.400,20,0,2.60,13.75
9017,2020-01-13,2020-01-14,2,65,3,3001012,42761,1384.460,30,0,2.45,13.12
9030,2016-06-06,2016-06-11,1,2948,3,3001012,42820,652.740,10,0,2.23,9.31
9096,2017-06-13,2017-06-20,2,1489,3,3001012,42896,515.000,20,0,2.42,9.89
9164,2020-01-16,2020-01-18,1,3237,3,3001012,42993,507.000,30,0,2.66,13.63
9177,2017-05-16,2017-05-23,1,3372,3,3001012,43035,1159.000,20,0,2.18,9.77
9208,2016-09-09,2016-09-17,3,2687,4,4001301,42769,3039.080,20,0,2.60,12.52
9211,2018-04-10,2018-04-11,3,146,4,4001301,42767,3485.680,30,0,2.69,15.64
9287,2016-12-22,2016-12-29,3,1545,4,4001301,42761,1384.460,30,0,2.45,13.12
9306,2019-01-15,2019-01-22,2,909,4,4001301,42799,1536.040,30,0,3.04,17.91
9374,2015-12-25,2015-12-26,2,1164,4,4001301,42949,2015.000,30,0,2.07,9.33
9378,2016-06-25,2016-06-28,2,2699,4,4001301,42899,199.000,20,0,2.44,11.4
9427,2016-06-13,2016-06-15,1,42,4,4001301,42976,216.000,30,0,2.51,12.04
9433,2017-08-28,2017-09-01,3,509,4,4001301,43003,442.000,10,0,1.96,4.82
9529,2018-09-22,2018-10-01,3,1776,4,4001556,42882,498.000,20,0,2.56,12.68
9567,2016-08-15,2016-08-23,2,1362,4,4001556,42776,1423.400,30,0,2.60,13.75
9572,2017-02-06,2017-02-09,2,186,4,4001556,42756,638.660,20,0,2.36,10.63
9587,2019-01-23,2019-01-28,2,2022,4,4001556,42776,1423.400,20,0,2.60,13.75
9591,2019-08-30,2019-09-06,1,1093,4,4001556,42764,1385.780,10,0,2.20,9.62
9608,2016-07-27,2016-08-04,3,1273,4,4001556,42845,823.240,30,0,2.59,13.48
9770,2020-03-18,2020-03-26,2,2111,4,4001556,42773,8703.640,10,0,2.01,4.89
9801,2018-10-24,2018-11-01,2,1466,4,4001933,42940,2162.000,10,0,2.40,9.38
9964,2017-09-18,2017-09-23,1,2089,4,4001933,42914,148900.000,20,0,2.59,12.19
10030,2017-08-31,2017-09-10,3,947,4,4001933,43020,562.000,20,0,2.46,10.98
10162,2015-02-02,2015-02-06,1,1375,4,4001333,42885,498.000,10,0,2.38,9.69
10196,2018-06-25,2018-06-30,2,1335,4,4001333,42885,498.000,10,0,2.38,9.69
10201,2019-08-17,2019-08-20,2,3345,4,4001333,42841,353.320,20,0,2.23,8.05
10205,2015-01-10,2015-01-15,3,586,4,4001333,42945,3210.000,20,0,2.26,9.34
10255,2016-01-29,2016-02-03,1,1742,4,4001333,42952,3978.000,30,0,2.33,12.83
10366,2017-01-06,2017-01-14,2,1778,4,4001510,42880,560.000,10,0,2.39,9.46
10396,2015-02-13,2015-02-20,3,2124,4,4001510,42771,2554.200,20,0,2.48,10.41
10508,2017-12-02,2017-12-07,1,900,4,4001510,42892,515.000,20,0,2.70,15.15
10532,2015-08-17,2015-08-22,1,1501,4,4001510,42971,2762.000,20,0,2.61,12.37
10618,2019-11-05,2019-11-08,2,3358,4,4001574,42798,1556.280,20,0,2.94,16.58
10699,2018-03-06,2018-03-16,2,722,4,4001574,42794,305.360,20,0,2.59,12.22
10777,2016-06-25,2016-06-28,1,2699,4,4001574,42899,199.000,20,0,2.44,11.4
10907,2016-02-19,2016-02-22,3,1627,4,4001360,42826,537.240,10,0,2.38,9.26
10909,2018-02-12,2018-02-13,2,3359,4,4001360,42878,56000.000,30,0,2.63,12.81
11016,2015-12-18,2015-12-23,3,2028,4,4001360,42882,498.000,20,0,2.56,12.68
11036,2017-06-05,2017-06-10,3,580,4,4001360,42862,512.000,30,0,2.77,14.82
11190,2017-09-13,2017-09-14,2,2812,5,5001329,42798,1556.280,30,0,2.94,16.58
11192,2019-06-08,2019-06-11,2,2719,5,5001329,42843,684.200,30,0,2.27,10.31
11198,2018-07-05,2018-07-08,2,1246,5,5001329,42932,156.000,20,0,2.20,10.68
11217,2015-08-29,2015-09-01,1,31,5,5001329,42849,1542.000,10,0,2.24,6.3
11228,2019-01-15,2019-01-24,2,2326,5,5001329,42891,515.000,20,0,2.44,11.61
11234,2019-02-15,2019-02-21,2,3345,5,5001329,43000,374.000,10,0,2.18,8.6
11240,2017-09-29,2017-10-08,1,1587,5,5001329,43042,1121.000,20,0,2.30,8.97
11318,2018-12-08,2018-12-09,2,1634,5,5001329,42825,554.180,20,0,2.49,12
11385,2015-10-12,2015-10-17,3,1676,5,5001329,42996,518.000,20,0,2.78,14.61
11408,2018-02-17,2018-02-27,1,1122,5,5001329,42966,341500.000,20,0,2.63,14.62
11412,2018-11-23,2018-11-27,2,1991,5,5001329,42969,3839.000,20,0,2.74,14.27
11502,2018-12-26,2019-01-04,2,2299,5,5001572,42866,199.000,30,0,2.40,11.67
11518,2015-02-20,2015-02-25,3,1196,5,5001572,42756,638.660,20,0,2.36,10.63
11523,2015-12-16,2015-12-21,1,1718,5,5001572,42757,1784.420,20,0,2.43,11.55
11744,2019-10-26,2019-10-27,2,2869,5,5001041,43033,1182.000,10,0,2.03,5.13
11794,2016-02-11,2016-02-16,1,506,5,5001041,42758,1819.180,10,0,2.19,9.34
11804,2017-08-05,2017-08-12,3,2675,5,5001041,42775,3206.060,20,0,2.19,9.48
11887,2017-12-09,2017-12-11,3,1306,5,5001041,42923,753.000,30,0,2.29,11.38
11992,2015-08-11,2015-08-19,1,1112,6,6001361,42779,9555.040,10,0,2.14,6.75
12036,2017-09-06,2017-09-09,1,108,6,6001361,43019,413.000,20,0,2.23,9.18
12192,2015-10-22,2015-10-23,3,1305,6,6001361,42982,13.000,10,0,2.22,8.39
12214,2018-07-18,2018-07-28,2,1587,6,6001361,42978,112.000,30,0,2.59,14.31
12274,2016-05-04,2016-05-12,2,1953,6,6001793,42960,4125.000,20,0,2.68,14.61
12312,2019-04-10,2019-04-18,2,2268,6,6001793,43031,1191.000,20,0,2.40,10.97
12475,2017-04-05,2017-04-07,2,2200,6,6001793,42974,214.000,20,0,2.28,10.18
12482,2018-07-18,2018-07-28,2,1587,6,6001793,42978,112.000,30,0,2.59,14.31
12613,2017-08-31,2017-09-08,3,719,6,6001962,42818,1907.620,30,0,2.28,10.12
12637,2020-05-23,2020-05-30,2,1424,6,6001962,42789,21802.000,20,0,2.23,7.67
12775,2020-02-26,2020-02-29,2,554,6,6001962,42788,421.960,20,0,2.71,13.25
12958,2019-07-27,2019-08-06,2,2293,6,6001967,42863,398.000,30,0,2.25,10.16
12973,2015-12-14,2015-12-21,2,458,6,6001967,42907,456.000,100,0,2.46,24.2
13030,2018-01-06,2018-01-13,1,3202,6,6001967,42968,3445.000,20,0,2.34,9
13158,2017-01-18,2017-01-22,2,671,6,6001426,42763,2118.380,30,0,2.54,14.01
13164,2017-06-23,2017-06-24,2,18,6,6001426,42737,165800.000,30,0,2.41,12.75
13261,2019-03-07,2019-03-12,2,679,6,6001426,42896,515.000,10,0,2.42,9.89
13339,2020-05-27,2020-05-30,2,1865,6,6001426,42880,560.000,20,0,2.39,9.46
13421,2015-06-12,2015-06-22,3,679,16,16001673,42832,818.840,10,0,2.09,4.98
13544,2018-04-18,2018-04-23,3,1653,16,16001673,42963,235500.000,20,0,2.40,12.37
13549,2018-08-22,2018-08-30,2,1198,16,16001673,42960,4125.000,20,0,2.68,14.61
13630,2015-06-26,2015-06-30,1,703,16,16001352,42754,1237.500,20,0,2.30,8.88
13685,2017-02-23,2017-03-02,2,893,16,16001352,42833,819.060,30,0,2.55,12.21
13695,2018-01-22,2018-01-29,2,3218,16,16001352,42862,512.000,20,0,2.77,14.82
13728,2016-03-21,2016-03-28,1,3279,16,16001352,42930,156.000,30,0,2.75,15.33
13778,2017-06-17,2017-06-27,2,341,16,16001352,43006,519.000,20,0,2.08,7.5
13835,2016-12-23,2016-12-24,3,1569,16,16001922,42798,1556.280,30,0,2.94,16.58
13926,2016-10-01,2016-10-06,3,3264,16,16001922,42867,199.000,20,0,2.80,13.43
14032,2017-11-15,2017-11-16,1,1043,16,16001922,42959,4141.000,30,0,2.29,12.93
14046,2019-05-04,2019-05-09,2,484,16,16001922,42977,111.000,10,0,2.07,5.3
14103,2017-11-10,2017-11-11,1,2886,16,16001518,42915,1765.000,10,0,2.37,9.77
14117,2018-11-09,2018-11-12,2,518,16,16001518,42841,353.320,10,0,2.23,8.05
14263,2016-11-02,2016-11-03,3,3039,16,16001518,42996,518.000,20,0,2.78,14.61
14264,2016-11-18,2016-11-26,3,1810,16,16001518,43009,563.000,30,0,2.31,10.34
14311,2020-05-27,2020-05-29,2,1737,16,16001518,43024,508.000,20,0,2.26,10.82
14359,2018-11-17,2018-11-25,3,912,16,16001331,42931,324.000,10,0,2.19,7.93
14382,2017-04-25,2017-04-30,3,1618,16,16001331,42815,599.500,20,0,2.31,8.59
14390,2019-01-21,2019-01-28,2,104,16,16001331,42783,2452.340,20,0,2.24,8.97
14551,2015-08-04,2015-08-05,3,196,16,16001302,42772,6569.860,30,0,2.88,16.71
14576,2018-10-29,2018-11-06,1,903,16,16001302,42831,369.600,20,0,2.75,15.98
14613,2017-04-25,2017-04-30,2,1618,16,16001302,42815,599.500,10,0,2.31,8.59
14667,2015-02-02,2015-02-04,3,2720,16,16001302,42941,2971.000,30,0,2.56,13.62
14830,2015-11-02,2015-11-10,3,634,7,7001975,42831,369.600,30,0,2.75,15.98
14883,2018-04-19,2018-04-22,2,1886,7,7001975,42785,1597.420,10,0,2.29,8.81
15026,2018-02-24,2018-02-27,1,2716,7,7001975,42969,3839.000,20,0,2.74,14.27
15082,2020-02-18,2020-02-20,3,3080,7,7001975,42959,4141.000,30,0,2.29,12.93
15198,2016-11-29,2016-11-30,3,636,7,7001759,42855,1130.000,10,0,2.19,8.66
15201,2017-03-29,2017-04-06,3,1954,7,7001759,42821,653.620,20,0,2.40,11.58
15228,2019-08-10,2019-08-14,2,1996,7,7001759,42845,823.240,30,0,2.59,13.48
15270,2019-08-30,2019-09-03,2,2012,7,7001759,42906,321.000,20,0,2.53,13.03
15408,2018-11-13,2018-11-19,3,1653,7,7001055,42909,1500.000,20,0,2.50,12.1
15433,2016-02-10,2016-02-15,1,1861,7,7001055,42765,1938.420,200,0,3.17,49.33
15487,2017-10-20,2017-10-21,1,537,7,7001055,42835,818.840,30,0,2.48,13.24
15503,2019-09-06,2019-09-11,2,237,7,7001055,42847,2846.580,30,0,2.58,14.1
15517,2015-08-08,2015-08-15,3,2148,7,7001055,42916,1356.000,20,0,2.17,7.54
15547,2018-11-22,2018-11-29,2,224,7,7001055,42926,79.000,20,0,2.76,14.98
15560,2020-05-06,2020-05-13,2,1292,7,7001055,42948,2786.000,10,0,2.31,8.82
15583,2017-11-18,2017-11-23,1,1187,7,7001055,42957,2789.000,30,0,2.43,12.75
15596,2018-11-30,2018-12-08,1,3066,7,7001055,42957,2789.000,20,0,2.43,12.75
15652,2015-05-29,2015-06-06,3,871,7,7001054,42844,1810.380,10,0,2.30,9.43
15704,2017-04-10,2017-04-16,1,476,7,7001054,42966,3415.000,30,0,2.63,14.62
15742,2018-04-27,2018-05-01,2,721,7,7001054,42757,1784.420,30,0,2.43,11.55
15876,2017-09-21,2017-09-25,1,1681,7,7001054,42996,518.000,20,0,2.78,14.61
15929,2020-03-31,2020-04-05,2,635,7,7001054,43019,413.000,20,0,2.23,9.18
16005,2017-06-14,2017-06-24,1,3407,7,7001075,42789,218.020,10,0,2.23,7.67
16034,2016-09-13,2016-09-15,2,123,7,7001075,42865,199.000,20,0,2.79,15.76
16114,2019-02-26,2019-03-03,2,2020,7,7001075,42911,1789.000,30,0,2.25,10.02
16142,2017-09-08,2017-09-11,3,2,7,7001075,42974,214.000,20,0,2.28,10.18
16331,2018-01-11,2018-01-15,3,1580,7,7001966,42854,1115.000,20,0,2.50,10.94
16341,2018-12-01,2018-12-04,2,3003,7,7001966,42834,818.840,30,0,2.55,12.74
16357,2015-08-29,2015-09-06,2,1332,7,7001966,42927,91.000,30,0,2.62,13.11
16398,2015-03-31,2015-04-07,3,1631,7,7001966,42960,4125.000,30,0,2.68,14.61
16473,2020-03-23,2020-03-24,2,149,7,7001966,42976,216.000,20,0,2.51,12.04
16512,2019-11-28,2019-12-06,1,2022,7,7001696,42850,279.000,30,0,2.40,11.7
16583,2016-01-08,2016-01-13,2,1594,7,7001696,42830,486.420,10,0,2.07,6.89
16703,2017-11-18,2017-11-23,2,1187,7,7001696,42957,2789.000,20,0,2.43,12.75
16758,2020-05-01,2020-05-10,2,575,7,7001696,42848,1588.000,20,0,2.10,6.71
16827,2015-11-11,2015-11-14,3,1651,7,7001299,42757,1784.420,20,0,2.43,11.55
16923,2016-11-22,2016-11-27,2,1172,7,7001299,42886,498.000,30,0,2.64,13.36
17072,2017-04-11,2017-04-19,2,2307,7,7001529,42865,199.000,20,0,2.79,15.76
17086,2018-07-30,2018-08-08,1,1594,7,7001529,42917,1351.350,20,0,2.17,7.68
17138,2018-09-25,2018-10-02,3,158,7,7001529,42771,2554.200,20,0,2.48,10.41
17166,2017-04-27,2017-04-30,3,913,7,7001529,42861,542.000,20,0,2.44,11.87
17172,2018-05-16,2018-05-17,3,1096,7,7001529,42819,860.420,30,0,2.61,13.43
17191,2019-08-10,2019-08-14,1,1996,7,7001529,42845,823.240,20,0,2.59,13.48
17407,2018-11-21,2018-11-29,2,931,7,7001080,42797,4845.500,20,0,2.49,12.49
17639,2016-03-15,2016-03-24,1,2019,7,7001353,42912,1654.000,20,0,2.39,11.67
17649,2016-01-19,2016-01-28,1,2013,7,7001353,42993,507.000,20,0,2.66,13.63
17739,2019-09-06,2019-09-11,3,237,7,7001353,42847,2846.580,20,0,2.58,14.1
17789,2015-07-20,2015-07-25,1,1292,7,7001353,43010,387.000,20,0,2.31,9.16
17845,2018-04-28,2018-05-03,2,1916,7,7001353,43041,779.000,30,0,2.62,13.73
17848,2018-09-14,2018-09-19,1,3394,7,7001353,43031,1191.000,30,0,2.40,10.97
18240,2020-03-30,2020-04-04,2,858,8,8001677,42810,1282.820,20,0,2.31,9.73
18293,2019-09-18,2019-09-25,2,1099,8,8001677,42859,610.000,30,0,2.84,16.93
18435,2018-01-18,2018-01-26,3,157,8,8001427,42817,81312.000,20,0,2.31,10.02
18446,2016-01-11,2016-01-17,1,1552,8,8001427,42947,2974.000,20,0,2.25,7.61
18574,2015-07-09,2015-07-12,2,112,8,8001427,42927,91.000,20,0,2.62,13.11
18580,2016-02-15,2016-02-19,3,2884,8,8001427,42900,245.000,20,0,2.23,9.79
18616,2015-06-12,2015-06-13,3,899,8,8001427,42998,529.000,20,0,2.76,15.23
18622,2015-12-18,2015-12-25,3,3015,8,8001427,42997,485.000,30,0,2.55,12.16
18681,2020-05-23,2020-05-26,1,165,8,8001427,42913,1357.000,30,0,2.64,12.7
18746,2016-03-03,2016-03-11,3,1964,8,8002731,42770,3597.220,20,0,2.44,12.17
18937,2016-05-27,2016-06-04,2,219,8,8002731,43037,1137.000,20,0,2.54,11.55
18949,2020-01-03,2020-01-12,2,305,8,8002731,42944,3686.000,20,0,2.65,13.91
18955,2020-05-02,2020-05-10,2,2721,8,8002731,42851,137.000,30,0,2.25,9.59
19080,2017-01-04,2017-01-07,1,1630,8,8002024,42854,1115.000,20,0,2.50,10.94
19215,2019-11-12,2019-11-17,1,1105,8,8002024,43018,437.000,20,0,2.47,11.87
19273,2018-07-21,2018-07-24,1,776,8,8002630,42973,123.000,30,0,2.62,13.85
19351,2017-05-15,2017-05-20,3,1623,8,8002630,42868,199.000,20,0,2.49,11.96
19444,2015-10-24,2015-10-28,2,724,8,8002630,43015,483.000,20,0,2.44,12.98
19490,2019-12-24,2019-12-28,2,441,8,8002630,42978,112.000,20,0,2.59,14.31
19569,2016-12-05,2016-12-14,3,296,9,9002486,42976,216.000,20,0,2.51,12.04
19688,2016-02-01,2016-02-06,2,1871,9,9002486,42925,3.000,20,0,2.15,7
19691,2016-06-30,2016-07-03,1,1099,9,9002486,42931,324.000,20,0,2.19,7.93
19718,2019-01-04,2019-01-08,2,3035,9,9002486,42914,1489.000,20,0,2.59,12.19
19744,2016-04-16,2016-04-18,3,3201,9,9002486,42965,2281.000,30,0,2.72,15.4
19833,2020-02-28,2020-03-07,2,2777,9,9002768,42817,813.120,20,0,2.31,10.02
19843,2015-01-16,2015-01-19,3,2291,9,9002768,42966,3415.000,30,0,2.63,14.62
19856,2016-01-11,2016-01-16,1,366,9,9002768,42788,421.960,20,0,2.71,13.25
19859,2017-07-21,2017-07-26,2,1909,9,9002768,42797,4845.500,20,0,2.49,12.49
19940,2016-02-19,2016-02-21,1,2740,9,9002768,42906,321.000,20,0,2.53,13.03
19950,2017-03-14,2017-03-24,2,2889,9,9002768,42898,515.000,20,0,2.46,13.16
19952,2017-04-20,2017-04-25,1,1567,9,9002768,42910,1502.000,30,0,2.38,12.78
20005,2017-09-22,2017-09-27,2,1272,9,9002768,42981,52.000,20,0,2.59,11.35
20072,2020-03-06,2020-03-07,2,2255,9,9002075,42769,3039.080,30,0,2.60,12.52
20104,2016-04-20,2016-04-28,1,1245,9,9002075,42989,413.000,20,0,2.34,9.95
20155,2015-04-18,2015-04-23,3,1297,9,9002075,42835,818.840,30,0,2.48,13.24
20204,2016-01-25,2016-02-04,1,1242,9,9002075,42914,1489.000,30,0,2.59,12.19
20291,2016-02-25,2016-03-01,2,109,9,9002075,43018,437.000,20,0,2.47,11.87
20307,2019-07-23,2019-07-30,2,1619,9,9002075,43032,953.000,20,0,2.62,12.98
20312,2020-02-20,2020-02-26,3,29,9,9002075,42760,1637.240,20,0,2.31,11.49
20316,2020-02-22,2020-03-01,2,1806,9,9002075,42934,1789.000,20,0,2.29,9.67
20466,2019-08-10,2019-08-17,2,1400,10,10002779,42873,560.000,20,0,2.15,8.24
20477,2015-01-31,2015-02-07,3,1482,10,10002779,42926,79.000,30,0,2.76,14.98
20483,2015-07-09,2015-07-10,1,1879,10,10002779,42927,91.000,20,0,2.62,13.11
20488,2016-01-28,2016-02-02,2,1853,10,10002779,42902,258.000,10,0,2.29,8.67
20677,2015-07-25,2015-07-30,3,1470,10,10002468,42799,153604.000,30,0,3.04,17.91
20699,2018-04-19,2018-04-20,3,2291,10,10002468,42816,1254.880,20,0,2.38,10.37
20741,2016-08-06,2016-08-07,3,1790,10,10002468,42877,560.000,20,0,2.14,9.75
20763,2018-12-15,2018-12-20,2,2734,10,10002468,42850,279.000,20,0,2.40,11.7
20814,2018-06-12,2018-06-16,2,2002,10,10002468,42892,515.000,30,0,2.70,15.15
20886,2017-12-18,2017-12-20,2,2647,10,10002468,43043,1159.000,30,0,2.59,14.6
20987,2019-05-15,2019-05-18,1,2958,10,10002351,42776,1423.400,30,0,2.60,13.75
20999,2015-03-11,2015-03-13,1,2882,10,10002351,42847,2846.580,30,0,2.58,14.1
21010,2016-07-13,2016-07-17,3,1370,10,10002351,42834,818.840,30,0,2.55,12.74
21057,2015-05-23,2015-05-24,3,813,10,10002351,42922,741.000,10,0,2.11,5.78
21065,2016-08-02,2016-08-05,1,2808,10,10002351,42895,51500.000,30,0,2.43,12.63
21114,2016-06-08,2016-06-16,3,2849,10,10002351,42993,507.000,20,0,2.66,13.63
21135,2018-11-15,2018-11-20,1,1052,10,10002351,42961,2867.000,10,0,2.18,8.76
21145,2020-03-16,2020-03-21,2,1208,10,10002351,42970,3001.000,30,0,2.30,10.58
21164,2019-06-26,2019-07-01,1,340,10,10002351,43034,1004.000,30,0,2.28,10.14
21287,2015-02-14,2015-02-18,3,313,10,10002508,42878,560.000,20,0,2.63,12.81
21289,2015-03-18,2015-03-19,3,450,10,10002508,42838,897.380,20,0,2.18,7.84
21306,2016-12-09,2016-12-16,2,678,10,10002508,42876,560.000,20,0,2.22,8.6
21333,2019-01-09,2019-01-14,3,2663,10,10002508,42878,560.000,20,0,2.63,12.81
21339,2019-08-05,2019-08-08,2,454,10,10002508,42837,430.320,20,0,2.13,8.12
21485,2020-04-08,2020-04-14,2,579,10,10002508,42940,2162.000,20,0,2.40,9.38
21622,2018-06-11,2018-06-19,3,1425,10,10002411,42870,178.000,20,0,2.39,10.78
21681,2017-12-06,2017-12-11,1,1034,10,10002411,42927,91.000,20,0,2.62,13.11
21799,2019-05-18,2019-05-26,1,2257,10,10002120,42946,2173.000,20,0,2.36,10.12
21814,2016-02-24,2016-03-04,1,1995,10,10002120,42837,430.320,20,0,2.13,8.12
21856,2017-02-11,2017-02-12,3,895,10,10002120,42764,1385.780,30,0,2.20,9.62
21867,2018-08-25,2018-09-02,1,1671,10,10002120,42760,1637.240,30,0,2.31,11.49
22068,2019-08-02,2019-08-07,2,578,10,10002120,43042,1121.000,10,0,2.30,8.97
22139,2016-05-11,2016-05-15,1,1558,10,10002157,42772,6569.860,30,0,2.88,16.71
22149,2017-12-04,2017-12-09,3,1245,10,10002157,42784,1748.780,20,0,2.36,10.59
22168,2020-04-04,2020-04-06,2,1012,10,10002157,42768,1923.680,20,0,2.22,9.51
22264,2018-04-14,2018-04-24,2,733,10,10002157,42906,321.000,20,0,2.53,13.03
22290,2015-02-17,2015-02-25,3,3003,10,10002157,43013,354.000,20,0,2.42,9.97
22376,2015-04-14,2015-04-15,3,3031,11,11002063,42895,515.000,30,0,2.43,12.63
22475,2017-09-18,2017-09-19,2,444,11,11002063,42823,904.420,20,0,2.23,8.61
22576,2019-07-30,2019-07-31,2,339,11,11002063,42979,113.000,20,0,2.56,14
22641,2017-11-27,2017-12-06,1,958,11,11002059,42899,199.000,20,0,2.44,11.4
22776,2018-07-12,2018-07-16,1,851,11,11002059,42931,324.000,20,0,2.19,7.93
22835,2016-11-26,2016-11-28,3,2650,11,11002059,43022,422.000,20,0,2.38,11.3
22879,2017-03-07,2017-03-16,1,280,11,11002784,42872,560.000,20,0,2.11,8.28
22893,2020-01-06,2020-01-12,2,852,11,11002784,43043,1159.000,30,0,2.59,14.6
23068,2017-08-19,2017-08-26,1,3019,11,11002784,43026,530.000,20,0,2.30,8.85
23134,2015-03-03,2015-03-04,1,675,11,11002532,42811,2559.920,10,0,2.03,5.43
23139,2015-06-24,2015-06-25,1,992,11,11002532,42786,795.740,20,0,2.21,8.48
23166,2019-05-02,2019-05-04,3,68,11,11002532,42755,1079.320,10,0,2.21,7.75
23296,2018-01-18,2018-01-23,2,1643,11,11002532,42967,3365.000,20,0,2.62,14.84
23301,2019-01-25,2019-01-28,1,30,11,11002532,42994,579.000,20,0,2.30,10.32
23307,2020-01-14,2020-01-19,2,1025,11,11002532,42975,215.000,20,0,2.21,9.19
23415,2016-03-22,2016-03-26,3,1084,12,12002427,42844,1810.380,10,0,2.30,9.43
23574,2016-04-13,2016-04-19,1,1872,12,12002786,42771,2554.200,20,0,2.48,10.41
23689,2020-05-22,2020-05-27,1,538,12,12002786,42865,199.000,30,0,2.79,15.76
23719,2019-01-24,2019-01-29,2,2652,12,12002786,42912,1654.000,20,0,2.39,11.67
23793,2020-04-15,2020-04-25,2,2871,12,12002786,42884,498.000,20,0,2.48,11.39
23843,2018-06-09,2018-06-13,3,616,12,12002614,42767,3485.680,30,0,2.69,15.64
23933,2019-10-31,2019-11-10,2,2782,12,12002614,42903,269.000,30,0,2.16,8.87
23939,2015-02-21,2015-02-23,3,2758,12,12002614,42984,258.000,20,0,2.12,8.26
23956,2017-05-29,2017-06-03,1,628,12,12002614,42953,3620.000,20,0,2.76,15.5
23957,2017-06-20,2017-06-23,2,881,12,12002614,42962,2241.000,20,0,2.15,7.22
23969,2018-08-08,2018-08-11,2,2708,12,12002614,42965,2281.000,20,0,2.72,15.4
24032,2016-11-25,2016-12-01,3,2996,12,12002599,42846,2846.580,30,0,2.31,11.13
24073,2018-06-26,2018-07-01,2,132,12,12002599,42813,377.960,30,0,2.70,15.05
24104,2016-09-08,2016-09-12,1,274,12,12002599,42866,199.000,20,0,2.40,11.67
24298,2016-07-12,2016-07-17,2,3184,12,12002589,42780,4028.860,30,0,2.71,14.68
24331,2015-09-14,2015-09-19,1,29,12,12002589,42859,610.000,20,0,2.84,16.93
24371,2016-06-07,2016-06-12,3,2902,12,12002589,42913,1357.000,20,0,2.64,12.7
24471,2016-08-10,2016-08-19,2,2976,17,17003917,42793,871.860,20,0,2.12,6.97
24576,2018-11-23,2018-11-24,2,1598,17,17003917,42876,560.000,20,0,2.22,8.6
24705,2017-01-04,2017-01-07,2,3029,17,17003172,42853,727.000,30,0,2.28,10.07
24818,2020-05-26,2020-05-30,2,3023,17,17003172,42873,560.000,20,0,2.15,8.24
24878,2017-04-11,2017-04-16,1,746,17,17003172,42996,518.000,30,0,2.78,14.61
25020,2020-02-08,2020-02-09,2,1144,17,17003607,42798,1556.280,20,0,2.94,16.58
25160,2017-10-04,2017-10-11,3,3291,17,17003607,43028,942.000,20,0,2.19,8.24
25171,2020-02-26,2020-02-28,3,1178,17,17003607,42822,816.860,10,0,2.19,7.66
25319,2016-11-23,2016-11-26,3,3242,17,17003111,42928,123.000,20,0,2.21,8.67
25387,2019-04-11,2019-04-15,3,828,17,17003111,42960,4125.000,30,0,2.68,14.61
25415,2020-02-22,2020-02-25,2,1072,17,17003111,42967,3365.000,20,0,2.62,14.84
25418,2020-02-26,2020-02-28,2,1178,17,17003111,42822,816.860,20,0,2.19,7.66
25426,2020-04-16,2020-04-18,2,576,17,17003111,43022,422.000,20,0,2.38,11.3
25486,2017-08-17,2017-08-18,2,177,17,17003558,42815,599.500,20,0,2.31,8.59
25535,2018-08-30,2018-09-04,2,205,17,17003558,42838,897.380,20,0,2.18,7.84
25542,2019-12-21,2019-12-28,2,1336,17,17003558,42867,199.000,20,0,2.80,13.43
25605,2018-03-12,2018-03-17,1,1534,17,17003558,42965,2281.000,20,0,2.72,15.4
25693,2019-11-07,2019-11-13,2,806,17,17003167,43000,374.000,20,0,2.18,8.6
25708,2016-06-02,2016-06-07,1,2709,17,17003167,42769,3039.080,20,0,2.60,12.52
25710,2016-09-01,2016-09-09,2,1410,17,17003167,42811,2559.920,10,0,2.03,5.43
25716,2017-05-11,2017-05-16,2,289,17,17003167,42777,2557.500,30,0,2.47,11.9
25749,2016-01-05,2016-01-15,3,1237,17,17003167,42861,542.000,20,0,2.44,11.87
25822,2020-05-07,2020-05-11,3,2933,17,17003167,42948,2786.000,20,0,2.31,8.82
25851,2018-08-15,2018-08-16,1,187,17,17003167,42962,2241.000,10,0,2.15,7.22
25861,2019-10-01,2019-10-03,1,1227,17,17003167,43002,414.000,30,0,2.22,10.58
25878,2018-03-22,2018-03-24,1,2906,17,17003167,43019,413.000,20,0,2.23,9.18
25934,2018-01-22,2018-01-31,2,1105,18,18003712,42950,2603.000,20,0,2.32,10.38
25953,2016-06-21,2016-06-26,3,2767,18,18003712,42754,1237.500,10,0,2.30,8.88
26000,2017-04-22,2017-04-26,3,892,18,18003712,42870,178.000,30,0,2.39,10.78
26043,2017-07-24,2017-08-03,1,11,18,18003712,42943,2190.000,30,0,2.19,8.99
26055,2019-02-11,2019-02-15,2,3281,18,18003712,42916,1356.000,10,0,2.17,7.54
26068,2015-07-21,2015-07-26,3,3245,18,18003712,42969,3839.000,20,0,2.74,14.27
26079,2016-12-06,2016-12-10,2,2784,18,18003712,43001,625.000,200,0,3.44,53.5
26087,2017-11-29,2017-12-06,2,170,18,18003712,42983,354.000,30,0,2.32,10.44
26122,2019-01-28,2019-02-07,3,2797,18,18003712,43027,461.000,20,0,2.20,9.15
26127,2020-03-21,2020-03-26,3,1187,18,18003712,43032,953.000,20,0,2.62,12.98
26140,2017-06-01,2017-06-09,1,184,18,18003502,42754,1237.500,20,0,2.30,8.88
26266,2020-01-27,2020-01-31,2,2936,18,18003502,42859,610.000,30,0,2.84,16.93
26310,2016-05-20,2016-05-28,1,2781,18,18003502,43002,414.000,20,0,2.22,10.58
26341,2019-11-04,2019-11-09,1,1193,18,18003502,42971,2762.000,20,0,2.61,12.37
26352,2016-09-26,2016-10-03,3,1624,18,18003502,43036,744.000,30,0,2.38,12.4
26405,2018-05-15,2018-05-24,3,1430,18,18003481,42821,653.620,20,0,2.40,11.58
26586,2018-06-18,2018-06-20,2,2940,18,18003481,42969,3839.000,20,0,2.74,14.27
26650,2017-11-03,2017-11-11,3,3363,18,18003664,42772,6569.860,20,0,2.88,16.71
26672,2015-02-06,2015-02-11,1,1038,18,18003664,42797,4845.500,20,0,2.49,12.49
26777,2019-03-27,2019-03-28,3,1656,18,18003664,42890,515.000,30,0,2.18,9.5
26791,2015-04-20,2015-04-24,3,1543,18,18003664,43004,373.000,30,0,2.47,13.87
26863,2020-05-06,2020-05-11,2,2897,18,18003664,43043,1159.000,30,0,2.59,14.6
26946,2015-02-02,2015-02-04,3,2772,18,18003859,42826,537.240,20,0,2.38,9.26
27132,2017-08-16,2017-08-22,3,540,19,19003250,42788,421.960,20,0,2.71,13.25
27200,2017-04-01,2017-04-11,3,2982,19,19003250,42833,819.060,20,0,2.55,12.21
27385,2016-07-19,2016-07-25,3,2842,20,20003186,42955,2366.000,20,0,2.60,12.62
27511,2019-04-10,2019-04-14,2,57,20,20003186,42905,456.000,30,0,2.15,8.8
27542,2017-03-29,2017-04-05,1,2454,20,20003186,42953,3620.000,30,0,2.76,15.5
27545,2017-09-02,2017-09-05,1,1117,20,20003186,43007,407.000,30,0,2.47,12.66
27631,2018-08-11,2018-08-14,2,2635,20,20003752,43022,422.000,30,0,2.38,11.3
27697,2015-06-13,2015-06-17,1,321,20,20003752,42880,560.000,20,0,2.39,9.46
27769,2019-08-15,2019-08-20,2,2944,20,20003752,42900,245.000,30,0,2.23,9.79
27806,2018-05-07,2018-05-15,2,1834,20,20003752,42994,579.000,30,0,2.30,10.32
27863,2020-04-07,2020-04-12,2,1275,20,20003752,43032,953.000,20,0,2.62,12.98
27895,2015-10-28,2015-11-03,2,1351,20,20003082,42944,3686.000,20,0,2.65,13.91
27904,2015-10-27,2015-10-30,3,270,20,20003082,42975,215.000,10,0,2.21,9.19
27907,2016-01-12,2016-01-18,1,2967,20,20003082,43032,953.000,30,0,2.62,12.98
27911,2015-02-26,2015-03-03,3,1085,20,20003082,42754,1237.500,10,0,2.30,8.88
27926,2017-09-19,2017-09-23,3,1325,20,20003082,42816,1254.880,20,0,2.38,10.37
27935,2019-07-29,2019-08-02,2,1713,20,20003082,42785,1597.420,20,0,2.29,8.81
27996,2017-06-19,2017-06-22,2,467,20,20003082,42945,3210.000,20,0,2.26,9.34
28089,2020-03-30,2020-04-04,2,1285,20,20003082,42763,2118.380,30,0,2.54,14.01
28135,2015-01-01,2015-01-07,1,511,20,20003186,42991,438.000,20,0,2.26,10.88
28167,2020-01-01,2020-01-04,2,908,20,20003186,42797,4845.500,30,0,2.49,12.49
28172,2015-01-01,2015-01-02,1,1432,20,20003186,42829,906.180,20,0,2.53,12.78
28293,2019-06-03,2019-06-08,3,294,20,20003186,42956,2093.000,20,0,2.45,12.84
28294,2019-07-13,2019-07-17,3,2906,20,20003186,42955,2366.000,20,0,2.60,12.62
28295,2019-08-13,2019-08-20,1,2684,20,20003186,42987,456.000,20,0,2.20,8.39
28296,2019-08-16,2019-08-21,2,536,20,20003186,43012,510.000,20,0,2.44,11.48
28301,2020-05-11,2020-05-16,2,1646,20,20003186,42974,214.000,20,0,2.28,10.18
28395,2015-11-07,2015-11-12,2,1473,21,21003300,42763,2118.380,20,0,2.54,14.01
28420,2015-03-09,2015-03-10,2,642,21,21003300,42845,823.240,20,0,2.59,13.48
28473,2016-06-17,2016-06-18,2,1826,21,21003300,42948,2786.000,20,0,2.31,8.82
28593,2017-10-14,2017-10-17,2,620,21,21003363,42755,1079.320,10,0,2.21,7.75
28632,2018-04-25,2018-05-03,2,349,21,21003363,42897,515.000,10,0,2.15,5.62
28652,2016-11-21,2016-11-23,2,1374,21,21003363,42788,421.960,20,0,2.71,13.25
28654,2017-03-30,2017-04-04,2,1604,21,21003363,42812,376.640,20,0,2.11,6.72
28661,2018-08-04,2018-08-06,2,378,21,21003363,42792,479.820,10,0,2.30,8.32
28743,2017-04-08,2017-04-11,2,1826,21,21003363,42944,3686.000,30,0,2.65,13.91
28753,2018-08-31,2018-09-01,2,2846,21,21003363,42903,269.000,10,0,2.16,8.87
28790,2017-10-11,2017-10-15,2,1737,21,21003363,42953,3620.000,30,0,2.76,15.5
28825,2019-01-18,2019-01-25,2,1147,21,21003363,43037,1137.000,20,0,2.54,11.55
28840,2020-03-28,2020-03-30,2,1443,21,21003363,42788,421.960,20,0,2.71,13.25
28846,2017-10-14,2017-10-17,2,620,21,21003099,42755,1079.320,20,0,2.21,7.75
28859,2019-01-26,2019-02-03,2,1717,21,21003099,42902,25800.000,20,0,2.29,8.67
28925,2019-08-17,2019-08-22,2,3041,21,21003099,42798,1556.280,20,0,2.94,16.58
28960,2018-12-28,2019-01-04,2,385,21,21003099,42865,199.000,20,0,2.79,15.76
29043,2017-07-28,2017-08-02,2,1101,21,21003099,42991,438.000,30,0,2.26,10.88
29110,2015-04-14,2015-04-15,2,3041,21,21003303,42990,353.000,30,0,2.41,11.28
29218,2019-10-01,2019-10-06,2,159,21,21003303,42842,35332.000,20,0,2.31,8.54
29261,2019-03-21,2019-03-26,2,2956,21,21003303,42888,498.000,30,0,2.23,10.23
29267,2019-07-24,2019-07-31,2,1309,21,21003303,42926,79.000,30,0,2.76,14.98
29297,2018-02-20,2018-02-25,2,1736,21,21003303,42985,1456.000,20,0,2.27,9.52
29399,2015-03-30,2015-04-03,2,1573,21,21003339,42783,2452.340,10,0,2.24,8.97
29449,2016-04-06,2016-04-11,2,1821,21,21003339,42881,498.000,20,0,2.19,6.95
29601,2018-01-10,2018-01-18,2,770,21,21003339,43039,815.000,30,0,2.39,12.22
29611,2020-04-20,2020-04-22,2,1645,21,21003339,42937,2458.000,10,0,2.22,9.38
29673,2015-05-18,2015-05-19,2,890,21,21003766,42767,3485.680,30,0,2.69,15.64
29791,2019-05-16,2019-05-20,2,1423,21,21003766,42930,156.000,30,0,2.75,15.33
29867,2020-04-14,2020-04-22,2,2556,21,21003766,42812,376.640,10,0,2.11,6.72
29937,2017-12-04,2017-12-09,2,856,22,22003576,42810,1282.820,20,0,2.31,9.73
29983,2017-04-20,2017-04-27,2,1045,22,22003576,42848,1588.000,10,0,2.10,6.71
29995,2019-03-01,2019-03-05,2,1277,22,22003576,42844,1810.380,10,0,2.30,9.43
30087,2020-01-15,2020-01-20,2,2987,22,22003576,42985,1456.000,20,0,2.27,9.52
30097,2016-10-13,2016-10-18,2,727,22,22003576,43036,744.000,20,0,2.38,12.4
30141,2020-01-20,2020-01-28,2,913,22,22003643,43013,354.000,20,0,2.42,9.97
30178,2015-04-10,2015-04-17,2,3203,22,22003643,42782,3373.920,20,0,2.09,6.99
30467,2019-06-22,2019-06-26,3,374,23,23003876,42783,2452.340,10,0,2.24,8.97
30485,2017-05-09,2017-05-19,1,3169,23,23003876,42836,823.240,20,0,2.15,7.05
30511,2015-09-10,2015-09-17,3,185,23,23003876,42923,753.000,20,0,2.29,11.38
30520,2017-01-12,2017-01-16,2,2651,23,23003876,42913,1357.000,20,0,2.64,12.7
30552,2015-07-01,2015-07-06,2,3095,23,23003876,42993,507.000,20,0,2.66,13.63
30576,2019-06-06,2019-06-14,2,440,23,23003876,43005,421.000,20,0,2.42,12.1
30748,2018-08-04,2018-08-14,1,1095,23,23003504,42853,727.000,20,0,2.28,10.07
30781,2017-02-27,2017-03-07,2,109,23,23003504,42926,79.000,20,0,2.76,14.98
30833,2019-04-08,2019-04-18,2,2969,23,23003504,42997,485.000,20,0,2.55,12.16
30864,2020-05-21,2020-05-24,2,1230,23,23003504,42860,587.000,30,0,2.53,12.83
30878,2015-12-03,2015-12-11,3,1319,23,23003166,42932,156.000,30,0,2.20,10.68
30890,2017-09-08,2017-09-11,3,896,23,23003166,43012,510.000,20,0,2.44,11.48
30965,2020-02-08,2020-02-13,2,576,23,23003166,42799,1536.040,30,0,3.04,17.91
31126,2015-03-14,2015-03-22,3,655,23,23003412,42829,906.180,20,0,2.53,12.78
31147,2017-05-13,2017-05-19,3,284,23,23003412,42817,813.120,20,0,2.31,10.02
31264,2018-06-16,2018-06-19,1,340,23,23003412,42929,321.000,20,0,2.21,8.71
31294,2017-04-21,2017-05-01,1,138,23,23003412,43015,483.000,30,0,2.44,12.98
31315,2019-12-28,2019-12-30,1,3065,23,23003412,42985,1456.000,20,0,2.27,9.52
31412,2017-10-25,2017-11-04,3,377,23,23003346,42799,1536.040,20,0,3.04,17.91
31433,2015-03-12,2015-03-17,1,805,23,23003346,42877,560.000,30,0,2.14,9.75
31446,2016-12-16,2016-12-18,3,396,23,23003346,42833,819.060,20,0,2.55,12.21
31486,2016-05-18,2016-05-23,3,2851,23,23003346,42919,654.000,20,0,2.18,10.27
31523,2016-12-06,2016-12-07,3,3305,23,23003346,42952,3978.000,30,0,2.33,12.83
31668,2020-02-08,2020-02-13,3,576,23,23003537,42799,1536.040,30,0,3.04,17.91
31728,2017-02-27,2017-03-07,3,109,23,23003537,42926,79.000,20,0,2.76,14.98
31797,2018-11-14,2018-11-15,2,597,23,23003537,43041,779.000,20,0,2.62,13.73
31815,2016-05-02,2016-05-10,1,1751,23,23003603,42869,199.000,10,0,2.25,9.47
31817,2019-02-15,2019-02-18,3,1868,23,23003603,42861,542.000,30,0,2.44,11.87
31891,2015-01-14,2015-01-17,3,819,23,23003603,42857,542.000,10,0,2.32,8.89
31999,2017-07-08,2017-07-13,1,1170,23,23003603,42972,2741.000,20,0,2.43,10.38
32053,2015-04-04,2015-04-07,3,833,23,23003054,42778,2807.640,10,0,2.22,7.21
32100,2015-02-19,2015-02-21,3,2876,23,23003054,42778,2807.640,20,0,2.22,7.21
32119,2018-07-17,2018-07-21,3,714,23,23003054,42792,479.820,10,0,2.30,8.32
32185,2017-08-11,2017-08-16,2,585,23,23003054,42909,1500.000,20,0,2.50,12.1
32260,2018-11-13,2018-11-16,2,459,23,23003054,43028,942.000,20,0,2.19,8.24
32268,2020-02-14,2020-02-20,3,39,23,23003054,42917,1351.350,10,0,2.17,7.68
32343,2016-06-04,2016-06-07,1,2742,24,24003751,42795,543.180,30,0,2.29,10.86
32521,2020-03-04,2020-03-14,1,3146,24,24003751,42963,2355.000,30,0,2.40,12.37
32539,2019-11-25,2019-11-28,2,656,24,24003855,43024,508.000,30,0,2.26,10.82
32555,2019-11-01,2019-11-04,2,1462,24,24003855,42846,2846.580,30,0,2.31,11.13
32898,2017-05-11,2017-05-14,1,408,24,24003919,42829,906.180,30,0,2.53,12.78
32928,2015-05-14,2015-05-15,3,556,24,24003919,42896,515.000,20,0,2.42,9.89
33013,2016-04-08,2016-04-12,3,661,24,24003919,43030,1175.000,20,0,2.48,12.14
33119,2018-04-14,2018-04-16,1,48,24,24003595,42785,159742.000,10,0,2.29,8.81
33208,2015-11-14,2015-11-19,3,1513,24,24003595,42965,2281.000,30,0,2.72,15.4
33217,2016-09-23,2016-09-27,3,2579,24,24003595,42960,4125.000,20,0,2.68,14.61
33318,2015-01-22,2015-01-30,3,3043,24,24003816,42950,2603.000,20,0,2.32,10.38
33366,2020-01-30,2020-02-04,1,275,24,24003816,42810,1282.820,10,0,2.31,9.73
33383,2016-06-07,2016-06-12,2,2806,24,24003816,42831,369.600,20,0,2.75,15.98
33464,2020-04-18,2020-04-28,3,12,24,24003816,42919,654.000,30,0,2.18,10.27
33476,2016-01-21,2016-01-25,3,1235,24,24003816,42971,2762.000,30,0,2.61,12.37
33600,2020-02-17,2020-02-26,2,1334,24,24003433,42952,3978.000,20,0,2.33,12.83
33691,2015-09-29,2015-10-06,3,244,24,24003433,42918,789.000,20,0,2.45,13.57
33708,2017-07-26,2017-07-30,2,2878,24,24003433,42902,258.000,10,0,2.29,8.67
33730,2015-04-14,2015-04-18,1,341,24,24003433,42967,3365.000,30,0,2.62,14.84
33863,2019-05-09,2019-05-18,1,438,24,24003603,42989,413.000,30,0,2.34,9.95
33888,2017-11-18,2017-11-23,2,2704,24,24003603,42737,1658.000,30,0,2.41,12.75
34026,2019-01-10,2019-01-11,2,2676,24,24003603,43009,563.000,20,0,2.31,10.34
34077,2017-09-26,2017-09-29,1,532,24,24003047,42824,584.760,20,0,2.82,15.53
34175,2015-04-15,2015-04-20,3,1045,24,24003047,42859,610.000,30,0,2.84,16.93
34245,2017-12-18,2017-12-22,1,284,24,24003047,42893,515.000,30,0,2.43,12.05
34287,2017-11-02,2017-11-07,2,3069,24,24003047,42971,2762.000,20,0,2.61,12.37
34417,2020-01-09,2020-01-13,2,3010,25,25003478,42758,1819.180,30,0,2.19,9.34
34466,2020-01-14,2020-01-19,1,334,25,25003478,42820,652.740,30,0,2.23,9.31
34505,2019-09-07,2019-09-11,1,492,25,25003478,42889,515.000,30,0,2.08,9.26
34538,2017-12-12,2017-12-13,3,2572,25,25003478,42971,2762.000,20,0,2.61,12.37
34608,2020-04-24,2020-04-27,1,423,25,25003287,42769,3039.080,20,0,2.60,12.52
34609,2015-01-20,2015-01-23,3,576,25,25003287,42866,199.000,20,0,2.40,11.67
34827,2018-01-17,2018-01-18,1,1500,25,25003287,43018,437.000,30,0,2.47,11.87
34974,2017-12-28,2017-12-30,1,1353,25,25003916,42945,3210.000,20,0,2.26,9.34
34996,2015-03-11,2015-03-21,1,375,25,25003916,43011,387.000,10,0,2.20,9.22
35002,2015-10-23,2015-10-28,3,195,25,25003916,42986,354.000,10,0,2.10,5.11
35077,2020-03-12,2020-03-15,2,2982,25,25003916,42799,1536.040,20,0,3.04,17.91
35104,2015-05-29,2015-06-04,3,1009,25,25003622,42869,199.000,10,0,2.25,9.47
35141,2018-05-28,2018-05-31,2,377,25,25003622,42780,4028.860,30,0,2.71,14.68
35143,2019-02-21,2019-02-25,1,1527,25,25003622,42792,479.820,10,0,2.30,8.32
35148,2020-01-01,2020-01-02,2,3063,25,25003622,42801,2802.800,20,0,2.33,9.85
35162,2016-02-18,2016-02-20,2,2789,25,25003622,42852,152.000,20,0,2.11,8.83
35208,2017-03-31,2017-04-01,1,3322,25,25003622,42921,756.000,30,0,2.36,11.91
35263,2019-01-18,2019-01-25,1,1092,25,25003622,43007,407.000,30,0,2.47,12.66
35321,2016-01-22,2016-01-23,1,583,25,25003950,42888,498.000,20,0,2.23,10.23
35325,2017-12-18,2017-12-19,2,2987,25,25003950,42930,156.000,20,0,2.75,15.33
35348,2015-03-17,2015-03-23,3,741,25,25003950,43014,502.000,30,0,2.70,15.24
35381,2019-09-21,2019-09-26,1,49,25,25003950,42794,305.360,20,0,2.59,12.22
35436,2020-01-22,2020-01-23,2,1055,25,25003950,42849,1542.000,10,0,2.24,6.3
35440,2015-01-08,2015-01-15,3,1779,25,25003950,42908,1478.000,20,0,2.09,7.09
35494,2016-04-13,2016-04-18,2,2798,25,25003950,42981,52.000,20,0,2.59,11.35
35708,2017-01-05,2017-01-07,1,401,25,25003599,42930,156.000,20,0,2.75,15.33
35716,2017-11-21,2017-11-26,1,2536,25,25003599,42898,515.000,20,0,2.46,13.16
35779,2020-02-17,2020-02-18,2,993,25,25003599,42987,456.000,20,0,2.20,8.39
35803,2018-04-20,2018-04-21,1,1734,25,25003599,43020,562.000,20,0,2.46,10.98
36078,2020-04-21,2020-04-25,2,1116,25,25003110,42824,584.760,20,0,2.82,15.53
36089,2019-05-02,2019-05-05,3,2562,25,25003728,42824,584.760,30,0,2.82,15.53
36202,2020-02-20,2020-02-25,2,430,25,25003728,42819,860.420,20,0,2.61,13.43
36260,2016-08-17,2016-08-22,3,2942,25,25003728,42998,529.000,20,0,2.76,15.23
36291,2020-04-02,2020-04-06,2,539,25,25003728,42979,113.000,20,0,2.56,14
36319,2018-10-24,2018-10-29,2,1146,25,25003728,43043,1159.000,20,0,2.59,14.6
36378,2016-10-20,2016-10-22,3,291,26,26003455,42759,1800.480,20,0,2.14,7
36386,2017-12-04,2017-12-09,1,1119,26,26003455,42813,377.960,30,0,2.70,15.05
36435,2015-06-12,2015-06-17,2,2965,26,26003455,42915,1765.000,10,0,2.37,9.77
36447,2016-04-11,2016-04-15,1,3033,26,26003455,42942,2749.000,30,0,2.32,12.78
36468,2019-02-09,2019-02-16,2,58,26,26003455,42947,2974.000,10,0,2.25,7.61
36489,2017-02-09,2017-02-17,2,417,26,26003455,42973,123.000,30,0,2.62,13.85
36523,2018-05-08,2018-05-10,3,3023,26,26003455,43038,1163.000,10,0,2.23,7.98
36551,2019-10-29,2019-10-30,2,1588,26,26003032,42891,515.000,20,0,2.44,11.61
36629,2017-07-04,2017-07-09,2,1799,26,26003032,42835,818.840,20,0,2.48,13.24
36632,2017-12-04,2017-12-09,1,1202,26,26003032,42881,498.000,10,0,2.19,6.95
36685,2015-02-21,2015-02-25,3,3333,26,26003032,42966,3415.000,30,0,2.63,14.62
36809,2017-09-20,2017-09-25,2,639,26,26003193,42790,762.960,30,0,2.20,9.82
36897,2019-04-29,2019-05-04,2,2925,26,26003193,42891,515.000,20,0,2.44,11.61
36937,2019-02-22,2019-02-23,1,3063,26,26003193,43015,483.000,30,0,2.44,12.98
36955,2018-02-03,2018-02-06,3,2939,26,26003193,43030,1175.000,30,0,2.48,12.14
37011,2015-10-16,2015-10-25,3,1540,26,26003812,42906,321.000,20,0,2.53,13.03
37101,2017-08-15,2017-08-18,2,615,26,26003812,42885,498.000,20,0,2.38,9.69
37148,2018-01-30,2018-02-06,2,2795,26,26003812,42968,3445.000,20,0,2.34,9
37177,2018-07-28,2018-08-01,2,1413,26,26003812,43024,508.000,20,0,2.26,10.82
37287,2017-10-13,2017-10-15,2,1205,26,26003118,42851,137.000,10,0,2.25,9.59
37372,2018-03-30,2018-04-04,1,1849,26,26003118,42980,114.000,300,0,3.82,72.95
37389,2020-05-04,2020-05-11,1,333,26,26003118,42963,2355.000,20,0,2.40,12.37
37473,2016-10-07,2016-10-11,3,1862,26,26003886,42786,795.740,20,0,2.21,8.48
37562,2019-02-05,2019-02-12,3,437,26,26003886,42941,2971.000,20,0,2.56,13.62
37580,2016-09-27,2016-10-02,3,1286,26,26003886,42956,2093.000,30,0,2.45,12.84
37610,2020-05-07,2020-05-08,2,1234,26,26003886,42979,113.000,30,0,2.56,14
37769,2016-12-10,2016-12-17,2,634,26,26003822,42909,1500.000,20,0,2.50,12.1
37791,2019-10-09,2019-10-17,2,1673,26,26003822,42923,753.000,20,0,2.29,11.38
37839,2020-03-30,2020-04-04,2,1252,26,26003822,42965,2281.000,20,0,2.72,15.4
37848,2019-09-25,2019-09-29,2,1262,26,26003822,43018,437.000,20,0,2.47,11.87
37978,2016-08-03,2016-08-07,1,110,26,26003875,42898,515.000,30,0,2.46,13.16
38068,2020-05-18,2020-05-26,2,27,26,26003875,42766,7011.620,20,0,2.24,8.28
38087,2018-09-14,2018-09-17,1,326,26,26003230,42902,258.000,20,0,2.29,8.67
38105,2016-05-28,2016-06-01,3,1524,26,26003230,42787,1366.420,20,0,2.24,7.43
38292,2017-11-01,2017-11-09,1,1009,27,27003929,42975,215.000,30,0,2.21,9.19
38465,2015-02-27,2015-03-04,1,2428,27,27003929,42951,3043.000,30,0,2.64,14.82
38563,2016-09-28,2016-09-29,1,2570,27,27003562,43017,358.000,30,0,2.57,12.84
38630,2020-02-20,2020-02-22,1,1866,27,27003562,42799,1536.040,20,0,3.04,17.91
38650,2016-04-29,2016-05-02,1,2426,27,27003562,42828,906.180,10,0,2.03,5.02
38734,2019-07-31,2019-08-05,1,3351,27,27003562,42934,1789.000,30,0,2.29,9.67
38785,2016-02-05,2016-02-09,3,2421,27,27003562,43038,1163.000,10,0,2.23,7.98
38807,2020-03-25,2020-04-02,2,1206,27,27003562,43017,358.000,20,0,2.57,12.84
38832,2017-10-18,2017-10-27,2,939,27,27003504,42796,457.820,20,0,2.50,11.88
38859,2016-01-04,2016-01-09,3,1765,27,27003504,42779,9555.040,20,0,2.14,6.75
39051,2018-08-11,2018-08-16,2,3000,27,27003504,43037,1137.000,20,0,2.54,11.55
39229,2016-10-11,2016-10-18,2,854,27,27003796,42886,498.000,20,0,2.64,13.36
39255,2020-02-15,2020-02-19,3,2941,27,27003796,42941,2971.000,30,0,2.56,13.62
39337,2020-05-22,2020-05-24,2,2438,27,27003796,42883,498.000,20,0,2.30,10.82
39342,2020-01-20,2020-01-23,1,2463,27,27003796,42833,819.060,20,0,2.55,12.21
39345,2020-01-18,2020-01-21,1,2855,27,27003796,43011,387.000,30,0,2.20,9.22
39365,2019-01-10,2019-01-13,2,1734,27,27003588,42897,515.000,10,0,2.15,5.62
39434,2017-11-11,2017-11-16,1,782,27,27003588,42762,2106.060,30,0,2.48,13.26
39448,2019-08-16,2019-08-19,2,3388,27,27003588,42781,2098.800,20,0,2.31,8.85
39498,2015-11-18,2015-11-19,3,2785,27,27003588,42886,498.000,30,0,2.64,13.36
39552,2015-11-30,2015-12-05,3,1700,27,27003588,42979,113.000,20,0,2.56,14
39680,2016-07-30,2016-08-02,1,2906,29,29003022,42816,1254.880,20,0,2.38,10.37
39698,2019-09-25,2019-10-03,1,46,29,29003022,42801,2802.800,20,0,2.33,9.85
39728,2018-06-29,2018-07-02,2,1511,29,29003022,42867,199.000,20,0,2.80,13.43
40074,2016-07-04,2016-07-13,2,2875,29,29003371,42784,1748.780,20,0,2.36,10.59
40202,2016-05-05,2016-05-10,2,782,29,29003371,42969,3839.000,30,0,2.74,14.27
40597,2015-07-02,2015-07-04,1,3279,30,30003346,42940,2162.000,10,0,2.40,9.38
40605,2016-04-12,2016-04-17,3,1791,30,30003346,42920,789.000,10,0,2.20,7.9
40621,2018-04-16,2018-04-20,1,377,30,30003346,42935,2456.000,30,0,2.07,9.59
40659,2016-07-11,2016-07-16,3,2814,30,30003346,42998,529.000,20,0,2.76,15.23
40670,2017-10-21,2017-10-22,1,969,30,30003346,42993,507.000,20,0,2.66,13.63
40707,2018-04-24,2018-05-01,3,53,30,30003346,43023,643.000,20,0,2.44,11.56
40734,2017-10-06,2017-10-07,2,16,30,30003600,42954,2554.000,200,0,4.09,56.28
40792,2020-03-17,2020-03-18,2,1241,30,30003600,42796,457.820,20,0,2.50,11.88
40930,2019-06-06,2019-06-10,1,3165,30,30003600,43020,562.000,30,0,2.46,10.98
40976,2020-01-07,2020-01-16,2,387,30,30003429,42884,498.000,20,0,2.48,11.39
41001,2016-11-02,2016-11-06,1,1709,30,30003429,42813,377.960,30,0,2.70,15.05
41068,2020-04-04,2020-04-07,3,1114,30,30003429,42864,199.000,20,0,2.29,10.63
41072,2015-07-02,2015-07-04,3,3279,30,30003429,42940,2162.000,20,0,2.40,9.38
41393,2019-02-02,2019-02-07,2,373,30,30003734,43025,550.000,10,0,2.15,5.12
41454,2015-12-24,2015-12-27,1,673,30,30003249,42781,2098.800,20,0,2.31,8.85
41499,2015-10-21,2015-10-28,3,2771,30,30003249,42862,512.000,20,0,2.77,14.82
41513,2017-07-24,2017-07-31,2,1283,30,30003249,42862,512.000,20,0,2.77,14.82
41534,2015-01-13,2015-01-18,1,729,30,30003249,42891,515.000,30,0,2.44,11.61
41680,2015-01-21,2015-01-29,3,3256,31,31003613,42794,305.360,30,0,2.59,12.22
41732,2018-11-13,2018-11-16,1,843,31,31003613,42791,258.280,10,0,2.01,4.75
41751,2015-12-05,2015-12-08,1,2736,31,31003613,42825,554.180,30,0,2.49,12
41769,2018-07-11,2018-07-18,2,3280,31,31003613,42858,505.000,30,0,2.16,8.52
41831,2015-11-11,2015-11-16,1,268,31,31003613,43013,354.000,20,0,2.42,9.97
41865,2019-11-27,2019-11-30,1,1552,31,31003613,42970,3001.000,20,0,2.30,10.58
41900,2016-07-27,2016-07-28,3,1135,31,31003043,42869,199.000,30,0,2.25,9.47
41918,2015-09-04,2015-09-12,2,530,31,31003043,42796,457.820,20,0,2.50,11.88
41935,2015-11-17,2015-11-23,1,1519,31,31003043,42961,2867.000,20,0,2.18,8.76
42122,2018-12-07,2018-12-08,3,2897,31,31003043,43042,1121.000,20,0,2.30,8.97
42141,2020-03-18,2020-03-25,2,177,31,31003043,43029,1094.000,30,0,2.16,8.54
42157,2015-05-04,2015-05-05,2,3218,31,31003205,42973,123.000,20,0,2.62,13.85
42520,2020-06-09,2020-06-17,1,955,30,30003429,42757,1784.420,20,0,2.43,11.55
42579,2020-06-10,2020-06-12,1,963,25,25003622,42835,818.840,20,0,2.48,13.24
42621,2020-06-11,2020-06-19,2,363,4,4001301,42982,13.000,20,0,2.22,8.39
42659,2020-06-15,2020-06-18,2,1379,8,8002731,42950,2603.000,20,0,2.32,10.38
42669,2020-06-16,2020-06-24,2,971,24,24003047,42965,2281.000,30,0,2.72,15.4
42679,2020-06-17,2020-06-20,1,1701,4,4001301,42838,897.380,10,0,2.18,7.84
42736,2020-06-18,2020-06-25,1,550,1,1001285,42924,625.000,30,0,2.40,12.44
42875,2020-06-20,2020-06-27,2,1438,11,11002580,43012,510.000,20,0,2.44,11.48
42881,2020-06-20,2020-06-28,2,1190,18,18003421,42882,498.000,20,0,2.56,12.68
42882,2020-06-20,2020-06-23,3,103,19,19003365,42933,1154.000,20,0,2.07,6.82
43004,2020-06-24,2020-06-30,2,1672,26,26003230,42946,2173.000,20,0,2.36,10.12
43123,2020-06-29,2020-07-04,2,2780,9,9002988,43004,373.000,30,0,2.47,13.87
43144,2020-06-30,2020-07-08,3,2452,2,2001676,42847,2846.580,30,0,2.58,14.1
43257,2020-07-04,2020-07-07,2,1327,20,20003663,42868,199.000,20,0,2.49,11.96
43319,2020-07-07,2020-07-09,2,2205,8,8001427,42850,279.000,20,0,2.40,11.7
43336,2020-07-07,2020-07-15,2,3309,21,21003300,42854,1115.000,20,0,2.50,10.94
43395,2020-07-08,2020-07-14,3,194,20,20003800,42937,2458.000,30,0,2.22,9.38
43412,2020-07-08,2020-07-15,2,528,30,30003429,42868,199.000,20,0,2.49,11.96
43424,2020-07-09,2020-07-12,2,2700,1,1001056,42813,377.960,20,0,2.70,15.05
43552,2020-07-11,2020-07-18,2,528,3,3001167,42988,598.000,20,0,2.32,10.65
43570,2020-07-11,2020-07-16,2,3180,7,7001299,42865,199.000,30,0,2.79,15.76
43633,2020-07-14,2020-07-23,2,1625,27,27003588,43023,643.000,20,0,2.44,11.56
43639,2020-07-15,2020-07-22,2,1138,1,1001517,42920,789.000,10,0,2.20,7.9
43882,2020-07-22,2020-07-25,2,690,9,9002212,42926,79.000,20,0,2.76,14.98
43952,2020-07-23,2020-08-01,2,442,11,11002532,43031,1191.000,20,0,2.40,10.97
44058,2020-07-27,2020-07-29,2,696,3,3001977,43005,421.000,30,0,2.42,12.1
44140,2020-07-29,2020-08-04,2,1532,26,26003193,42852,152.000,20,0,2.11,8.83
44168,2020-07-30,2020-08-06,2,57,9,9002212,42879,56000.000,20,0,2.14,6.7
44361,2020-08-03,2020-08-10,2,1523,19,19003390,42756,638.660,20,0,2.36,10.63
44374,2020-08-03,2020-08-06,2,345,27,27003796,43010,387.000,20,0,2.31,9.16
44438,2020-08-04,2020-08-09,2,1279,25,25003950,42973,123.000,20,0,2.62,13.85
44590,2020-08-22,2020-08-30,2,3013,11,11002532,42839,353.320,10,0,1.94,4.77
44661,2020-09-03,2020-09-09,2,1699,3,3001292,43035,1159.000,30,0,2.18,9.77
44662,2020-09-03,2020-09-06,2,906,3,3001977,42801,2802.800,20,0,2.33,9.85
44717,2020-09-04,2020-09-09,3,148,1,1001675,42855,1130.000,20,0,2.19,8.66
44788,2020-09-05,2020-09-13,2,1385,4,4001301,42831,369.600,30,0,2.75,15.98
44929,2020-09-08,2020-09-15,2,1160,9,9002486,42870,178.000,20,0,2.39,10.78
44942,2020-09-08,2020-09-17,3,1305,18,18003664,42768,1923.680,20,0,2.22,9.51
44987,2020-09-09,2020-09-18,1,343,5,5001557,42988,598.000,20,0,2.32,10.65
45001,2020-09-09,2020-09-14,2,435,10,10002157,42857,542.000,20,0,2.32,8.89
45214,2020-09-11,2020-09-12,2,223,24,24003816,42863,398.000,20,0,2.25,10.16
45297,2020-09-12,2020-09-22,2,1952,7,7001354,42921,756.000,30,0,2.36,11.91
45599,2020-09-19,2020-09-28,1,836,29,29003022,42901,196.000,30,0,2.39,10.31
45745,2020-09-23,2020-10-02,1,2124,3,3001724,42849,1542.000,10,0,2.24,6.3
45765,2020-09-23,2020-10-02,2,630,8,8002806,43015,483.000,20,0,2.44,12.98
45805,2020-09-24,2020-10-02,1,1730,1,1001674,42909,1500.000,20,0,2.50,12.1
45842,2020-09-24,2020-09-30,2,985,22,22003576,42796,457.820,20,0,2.50,11.88
45849,2020-09-24,2020-10-01,1,3271,24,24003919,42831,369.600,30,0,2.75,15.98
45891,2020-09-25,2020-09-28,2,2162,10,10002351,42830,486.420,20,0,2.07,6.89
45934,2020-09-26,2020-09-28,1,2089,2,2001079,42914,1489.000,20,0,2.59,12.19
45955,2020-09-26,2020-10-02,1,3365,10,10002557,42810,1282.820,20,0,2.31,9.73
45999,2020-09-28,2020-09-30,2,844,14,14001294,42886,498.000,20,0,2.64,13.36
46035,2020-09-28,2020-10-05,2,1019,21,21003363,43038,1163.000,10,0,2.23,7.98
46039,2020-09-28,2020-10-04,1,1343,23,23003054,43032,953.000,20,0,2.62,12.98
46349,2020-10-12,2020-10-18,2,721,31,31003043,42958,3763.000,20,0,2.11,6.98
46386,2020-10-16,2020-10-23,2,2009,3,3001976,42825,554.180,20,0,2.49,12
46648,2020-10-27,2020-10-31,2,1495,10,10002468,42998,529.000,30,0,2.76,15.23
46788,2020-10-30,2020-11-01,2,1821,18,18003502,42939,2915.000,20,0,2.11,6.82
47034,2020-11-13,2020-11-22,1,1462,11,11002580,43031,1191.000,20,0,2.40,10.97
47343,2020-11-20,2020-11-26,2,16,12,12002614,42826,537.240,20,0,2.38,9.26
47558,2020-11-28,2020-12-05,2,838,6,6001962,42972,2741.000,20,0,2.43,10.38
47582,2020-11-30,2020-12-04,2,342,15,15001011,42766,7011.620,20,0,2.24,8.28
47583,2020-11-30,2020-12-07,1,126,3,3001976,42969,3839.000,20,0,2.74,14.27
47760,2020-12-03,2020-12-06,2,2662,18,18003859,42928,123.000,20,0,2.21,8.67
47833,2020-12-05,2020-12-06,2,526,1,1001285,42842,353.320,20,0,2.31,8.54
