"IdGasto","IdSucursal","IdTipoGasto","Fecha","Monto"
5761,18,1,"2019-01-01",1113.43
5762,18,2,"2019-01-01",356.8
5763,18,3,"2019-01-01",100.65
5764,18,4,"2019-01-01",1064.21
5765,1,1,"2019-01-01",1101.7
5766,1,2,"2019-01-01",334.76
5767,1,3,"2019-01-01",107.42
5768,1,4,"2019-01-01",1023.63
5769,2,1,"2019-01-01",1095.4
5770,2,2,"2019-01-01",301.83
5771,2,3,"2019-01-01",114.43
5772,2,4,"2019-01-01",1103.26
5773,3,1,"2019-01-01",1083.35
5774,3,2,"2019-01-01",332.09
5775,3,3,"2019-01-01",108.48
5776,3,4,"2019-01-01",1102.97
5777,4,1,"2019-01-01",1060.53
5778,4,2,"2019-01-01",358.13
5779,4,3,"2019-01-01",118.72
5780,4,4,"2019-01-01",1154.71
5781,5,1,"2019-01-01",1011.96
5782,5,2,"2019-01-01",358.7
5783,5,3,"2019-01-01",114.25
5784,5,4,"2019-01-01",1125.29
5785,6,1,"2019-01-01",1199.05
5786,6,2,"2019-01-01",305.82
5787,6,3,"2019-01-01",109.99
5788,6,4,"2019-01-01",1041.22
5789,7,1,"2019-01-01",1106.42
5790,7,2,"2019-01-01",302.53
5791,7,3,"2019-01-01",112.29
5792,7,4,"2019-01-01",1189.28
5793,8,1,"2019-01-01",1177.66
5794,8,2,"2019-01-01",336.13
5795,8,3,"2019-01-01",106.93
5796,8,4,"2019-01-01",1184.93
5797,9,1,"2019-01-01",1116.89
5798,9,2,"2019-01-01",308.9
5799,9,3,"2019-01-01",119.76
5800,9,4,"2019-01-01",1099.17
5801,10,1,"2019-01-01",1102.96
5802,10,2,"2019-01-01",305.19
5803,10,3,"2019-01-01",117.76
5804,10,4,"2019-01-01",1035.99
5805,13,1,"2019-01-01",1047.25
5806,13,2,"2019-01-01",338.48
5807,13,3,"2019-01-01",109.96
5808,13,4,"2019-01-01",1113.29
5809,15,1,"2019-01-01",1067.58
5810,15,2,"2019-01-01",359.41
5811,15,3,"2019-01-01",118.74
5812,15,4,"2019-01-01",1143.01
5813,20,1,"2019-01-01",1152.79
5814,20,2,"2019-01-01",340.48
5815,20,3,"2019-01-01",101.62
5816,20,4,"2019-01-01",1076.37
5817,17,1,"2019-01-01",1133.15
5818,17,2,"2019-01-01",311.0
5819,17,3,"2019-01-01",118.39
5820,17,4,"2019-01-01",1009.55
5821,21,1,"2019-01-01",1096.0
5822,21,2,"2019-01-01",315.41
5823,21,3,"2019-01-01",116.88
5824,21,4,"2019-01-01",1089.8
5825,22,1,"2019-01-01",1142.69
5826,22,2,"2019-01-01",313.22
5827,22,3,"2019-01-01",119.22
5828,22,4,"2019-01-01",1028.83
5829,12,1,"2019-01-01",1167.56
5830,12,2,"2019-01-01",345.39
5831,12,3,"2019-01-01",105.38
5832,12,4,"2019-01-01",1014.99
5833,14,1,"2019-01-01",1113.62
5834,14,2,"2019-01-01",336.95
5835,14,3,"2019-01-01",107.49
5836,14,4,"2019-01-01",1005.13
5837,19,1,"2019-01-01",1000.87
5838,19,2,"2019-01-01",356.7
5839,19,3,"2019-01-01",114.23
5840,19,4,"2019-01-01",1144.66
5841,16,1,"2019-01-01",1096.33
5842,16,2,"2019-01-01",314.3
5843,16,3,"2019-01-01",114.93
5844,16,4,"2019-01-01",1003.47
5845,11,1,"2019-01-01",1169.48
5846,11,2,"2019-01-01",311.1
5847,11,3,"2019-01-01",107.65
5848,11,4,"2019-01-01",1071.69
5849,25,1,"2019-01-01",1128.86
5850,25,2,"2019-01-01",308.76
5851,25,3,"2019-01-01",115.94
5852,25,4,"2019-01-01",1109.57
5853,26,1,"2019-01-01",1069.57
5854,26,2,"2019-01-01",305.74
5855,26,3,"2019-01-01",108.69
5856,26,4,"2019-01-01",1177.15
5857,27,1,"2019-01-01",1025.05
5858,27,2,"2019-01-01",358.13
5859,27,3,"2019-01-01",109.37
5860,27,4,"2019-01-01",1087.35
5861,29,1,"2019-01-01",1155.56
5862,29,2,"2019-01-01",334.73
5863,29,3,"2019-01-01",111.21
5864,29,4,"2019-01-01",1013.07
5865,30,1,"2019-01-01",1129.17
5866,30,2,"2019-01-01",301.99
5867,30,3,"2019-01-01",104.57
5868,30,4,"2019-01-01",1008.62
5869,31,1,"2019-01-01",1105.95
5870,31,2,"2019-01-01",331.17
5871,31,3,"2019-01-01",100.17
5872,31,4,"2019-01-01",1096.73
5873,23,1,"2019-01-01",1078.58
5874,23,2,"2019-01-01",330.81
5875,23,3,"2019-01-01",107.77
5876,23,4,"2019-01-01",1080.56
5877,24,1,"2019-01-01",1169.61
5878,24,2,"2019-01-01",301.91
5879,24,3,"2019-01-01",112.3
5880,24,4,"2019-01-01",1196.1
5881,18,1,"2019-02-01",1011.36
5882,18,2,"2019-02-01",320.55
5883,18,3,"2019-02-01",110.84
5884,18,4,"2019-02-01",1136.58
5885,1,1,"2019-02-01",1157.65
5886,1,2,"2019-02-01",353.56
5887,1,3,"2019-02-01",101.97
5888,1,4,"2019-02-01",1162.88
5889,2,1,"2019-02-01",1155.33
5890,2,2,"2019-02-01",326.4
5891,2,3,"2019-02-01",117.4
5892,2,4,"2019-02-01",1006.17
5893,3,1,"2019-02-01",1108.74
5894,3,2,"2019-02-01",337.55
5895,3,3,"2019-02-01",109.97
5896,3,4,"2019-02-01",1122.82
5897,4,1,"2019-02-01",1115.1
5898,4,2,"2019-02-01",302.11
5899,4,3,"2019-02-01",108.98
5900,4,4,"2019-02-01",1028.02
5901,5,1,"2019-02-01",1070.65
5902,5,2,"2019-02-01",320.75
5903,5,3,"2019-02-01",113.4
5904,5,4,"2019-02-01",1062.25
5905,6,1,"2019-02-01",1109.37
5906,6,2,"2019-02-01",348.03
5907,6,3,"2019-02-01",107.24
5908,6,4,"2019-02-01",1081.78
5909,7,1,"2019-02-01",1191.62
5910,7,2,"2019-02-01",333.83
5911,7,3,"2019-02-01",118.9
5912,7,4,"2019-02-01",1006.77
5913,8,1,"2019-02-01",1066.81
5914,8,2,"2019-02-01",334.11
5915,8,3,"2019-02-01",116.81
5916,8,4,"2019-02-01",1099.6
5917,9,1,"2019-02-01",1193.54
5918,9,2,"2019-02-01",320.68
5919,9,3,"2019-02-01",116.4
5920,9,4,"2019-02-01",1013.24
5921,10,1,"2019-02-01",1174.19
5922,10,2,"2019-02-01",309.37
5923,10,3,"2019-02-01",103.36
5924,10,4,"2019-02-01",1074.47
5925,13,1,"2019-02-01",1071.42
5926,13,2,"2019-02-01",340.1
5927,13,3,"2019-02-01",105.41
5928,13,4,"2019-02-01",1069.61
5929,15,1,"2019-02-01",1185.68
5930,15,2,"2019-02-01",335.87
5931,15,3,"2019-02-01",104.08
5932,15,4,"2019-02-01",1045.33
5933,20,1,"2019-02-01",1104.23
5934,20,2,"2019-02-01",355.55
5935,20,3,"2019-02-01",101.31
5936,20,4,"2019-02-01",1110.07
5937,17,1,"2019-02-01",1111.03
5938,17,2,"2019-02-01",307.47
5939,17,3,"2019-02-01",119.15
5940,17,4,"2019-02-01",1082.72
5941,21,1,"2019-02-01",1039.14
5942,21,2,"2019-02-01",344.26
5943,21,3,"2019-02-01",102.02
5944,21,4,"2019-02-01",1058.37
5945,22,1,"2019-02-01",1031.31
5946,22,2,"2019-02-01",354.42
5947,22,3,"2019-02-01",101.31
5948,22,4,"2019-02-01",1121.43
5949,12,1,"2019-02-01",1167.73
5950,12,2,"2019-02-01",322.32
5951,12,3,"2019-02-01",106.88
5952,12,4,"2019-02-01",1120.67
5953,14,1,"2019-02-01",1197.02
5954,14,2,"2019-02-01",306.94
5955,14,3,"2019-02-01",112.45
5956,14,4,"2019-02-01",1153.28
5957,19,1,"2019-02-01",1192.83
5958,19,2,"2019-02-01",331.29
5959,19,3,"2019-02-01",114.3
5960,19,4,"2019-02-01",1002.3
5961,16,1,"2019-02-01",1182.38
5962,16,2,"2019-02-01",331.49
5963,16,3,"2019-02-01",117.77
5964,16,4,"2019-02-01",1173.77
5965,11,1,"2019-02-01",1135.62
5966,11,2,"2019-02-01",347.04
5967,11,3,"2019-02-01",117.72
5968,11,4,"2019-02-01",1015.47
5969,25,1,"2019-02-01",1145.81
5970,25,2,"2019-02-01",324.79
5971,25,3,"2019-02-01",117.57
5972,25,4,"2019-02-01",1030.7
5973,26,1,"2019-02-01",1026.37
5974,26,2,"2019-02-01",311.92
5975,26,3,"2019-02-01",111.96
5976,26,4,"2019-02-01",1078.74
5977,27,1,"2019-02-01",1034.93
5978,27,2,"2019-02-01",341.53
5979,27,3,"2019-02-01",118.73
5980,27,4,"2019-02-01",1121.45
5981,29,1,"2019-02-01",1045.23
5982,29,2,"2019-02-01",318.53
5983,29,3,"2019-02-01",117.32
5984,29,4,"2019-02-01",1080.69
5985,30,1,"2019-02-01",1083.82
5986,30,2,"2019-02-01",353.11
5987,30,3,"2019-02-01",103.37
5988,30,4,"2019-02-01",1037.23
5989,31,1,"2019-02-01",1085.18
5990,31,2,"2019-02-01",334.26
5991,31,3,"2019-02-01",111.54
5992,31,4,"2019-02-01",1034.5
5993,23,1,"2019-02-01",1026.25
5994,23,2,"2019-02-01",308.33
5995,23,3,"2019-02-01",106.01
5996,23,4,"2019-02-01",1017.28
5997,24,1,"2019-02-01",1106.04
5998,24,2,"2019-02-01",323.51
5999,24,3,"2019-02-01",107.36
6000,24,4,"2019-02-01",1133.14
6001,18,1,"2019-03-01",1044.78
6002,18,2,"2019-03-01",307.35
6003,18,3,"2019-03-01",118.81
6004,18,4,"2019-03-01",1067.2
6005,1,1,"2019-03-01",1171.6
6006,1,2,"2019-03-01",316.91
6007,1,3,"2019-03-01",116.71
6008,1,4,"2019-03-01",1066.22
6009,2,1,"2019-03-01",1029.91
6010,2,2,"2019-03-01",345.26
6011,2,3,"2019-03-01",106.46
6012,2,4,"2019-03-01",1070.58
6013,3,1,"2019-03-01",1158.98
6014,3,2,"2019-03-01",354.95
6015,3,3,"2019-03-01",103.89
6016,3,4,"2019-03-01",1045.03
6017,4,1,"2019-03-01",1108.43
6018,4,2,"2019-03-01",302.12
6019,4,3,"2019-03-01",111.01
6020,4,4,"2019-03-01",1129.12
6021,5,1,"2019-03-01",1115.38
6022,5,2,"2019-03-01",356.87
6023,5,3,"2019-03-01",100.17
6024,5,4,"2019-03-01",1039.7
6025,6,1,"2019-03-01",1193.46
6026,6,2,"2019-03-01",314.46
6027,6,3,"2019-03-01",106.06
6028,6,4,"2019-03-01",1158.42
6029,7,1,"2019-03-01",1010.3
6030,7,2,"2019-03-01",352.87
6031,7,3,"2019-03-01",105.03
6032,7,4,"2019-03-01",1122.91
6033,8,1,"2019-03-01",1063.57
6034,8,2,"2019-03-01",344.73
6035,8,3,"2019-03-01",115.48
6036,8,4,"2019-03-01",1126.67
6037,9,1,"2019-03-01",1168.95
6038,9,2,"2019-03-01",319.42
6039,9,3,"2019-03-01",101.69
6040,9,4,"2019-03-01",1090.24
6041,10,1,"2019-03-01",1000.52
6042,10,2,"2019-03-01",339.57
6043,10,3,"2019-03-01",105.79
6044,10,4,"2019-03-01",1093.71
6045,13,1,"2019-03-01",1094.9
6046,13,2,"2019-03-01",358.02
6047,13,3,"2019-03-01",108.23
6048,13,4,"2019-03-01",1031.36
6049,15,1,"2019-03-01",1109.86
6050,15,2,"2019-03-01",316.57
6051,15,3,"2019-03-01",114.66
6052,15,4,"2019-03-01",1167.2
6053,20,1,"2019-03-01",1196.25
6054,20,2,"2019-03-01",323.89
6055,20,3,"2019-03-01",100.95
6056,20,4,"2019-03-01",1008.56
6057,17,1,"2019-03-01",1014.28
6058,17,2,"2019-03-01",313.72
6059,17,3,"2019-03-01",118.58
6060,17,4,"2019-03-01",1191.98
6061,21,1,"2019-03-01",1002.4
6062,21,2,"2019-03-01",310.81
6063,21,3,"2019-03-01",117.3
6064,21,4,"2019-03-01",1157.08
6065,22,1,"2019-03-01",1066.28
6066,22,2,"2019-03-01",318.05
6067,22,3,"2019-03-01",110.19
6068,22,4,"2019-03-01",1129.14
6069,12,1,"2019-03-01",1139.96
6070,12,2,"2019-03-01",333.71
6071,12,3,"2019-03-01",114.2
6072,12,4,"2019-03-01",1172.91
6073,14,1,"2019-03-01",1038.52
6074,14,2,"2019-03-01",322.16
6075,14,3,"2019-03-01",105.38
6076,14,4,"2019-03-01",1047.32
6077,19,1,"2019-03-01",1075.24
6078,19,2,"2019-03-01",310.28
6079,19,3,"2019-03-01",114.55
6080,19,4,"2019-03-01",1024.98
6081,16,1,"2019-03-01",1088.24
6082,16,2,"2019-03-01",349.89
6083,16,3,"2019-03-01",116.67
6084,16,4,"2019-03-01",1134.58
6085,11,1,"2019-03-01",1172.85
6086,11,2,"2019-03-01",318.15
6087,11,3,"2019-03-01",118.4
6088,11,4,"2019-03-01",1138.28
6089,25,1,"2019-03-01",1139.53
6090,25,2,"2019-03-01",324.84
6091,25,3,"2019-03-01",119.55
6092,25,4,"2019-03-01",1128.99
6093,26,1,"2019-03-01",1058.49
6094,26,2,"2019-03-01",331.65
6095,26,3,"2019-03-01",115.2
6096,26,4,"2019-03-01",1043.4
6097,27,1,"2019-03-01",1161.06
6098,27,2,"2019-03-01",322.53
6099,27,3,"2019-03-01",109.23
6100,27,4,"2019-03-01",1036.31
6101,29,1,"2019-03-01",1104.59
6102,29,2,"2019-03-01",304.2
6103,29,3,"2019-03-01",115.63
6104,29,4,"2019-03-01",1139.29
6105,30,1,"2019-03-01",1027.67
6106,30,2,"2019-03-01",336.15
6107,30,3,"2019-03-01",111.94
6108,30,4,"2019-03-01",1035.68
6109,31,1,"2019-03-01",1020.12
6110,31,2,"2019-03-01",358.06
6111,31,3,"2019-03-01",110.74
6112,31,4,"2019-03-01",1156.16
6113,23,1,"2019-03-01",1058.73
6114,23,2,"2019-03-01",307.55
6115,23,3,"2019-03-01",114.97
6116,23,4,"2019-03-01",1072.82
6117,24,1,"2019-03-01",1115.12
6118,24,2,"2019-03-01",347.14
6119,24,3,"2019-03-01",104.02
6120,24,4,"2019-03-01",1129.85
6121,18,1,"2019-04-01",1128.54
6122,18,2,"2019-04-01",315.94
6123,18,3,"2019-04-01",108.01
6124,18,4,"2019-04-01",1040.9
6125,1,1,"2019-04-01",1164.33
6126,1,2,"2019-04-01",329.68
6127,1,3,"2019-04-01",100.17
6128,1,4,"2019-04-01",1111.56
6129,2,1,"2019-04-01",1152.81
6130,2,2,"2019-04-01",308.81
6131,2,3,"2019-04-01",108.83
6132,2,4,"2019-04-01",1153.59
6133,3,1,"2019-04-01",1102.94
6134,3,2,"2019-04-01",316.19
6135,3,3,"2019-04-01",116.1
6136,3,4,"2019-04-01",1042.96
6137,4,1,"2019-04-01",1131.88
6138,4,2,"2019-04-01",339.15
6139,4,3,"2019-04-01",105.7
6140,4,4,"2019-04-01",1093.21
6141,5,1,"2019-04-01",1095.21
6142,5,2,"2019-04-01",358.93
6143,5,3,"2019-04-01",109.65
6144,5,4,"2019-04-01",1093.17
6145,6,1,"2019-04-01",1176.4
6146,6,2,"2019-04-01",300.74
6147,6,3,"2019-04-01",108.32
6148,6,4,"2019-04-01",1008.57
6149,7,1,"2019-04-01",1193.24
6150,7,2,"2019-04-01",342.15
6151,7,3,"2019-04-01",112.27
6152,7,4,"2019-04-01",1192.12
6153,8,1,"2019-04-01",1192.45
6154,8,2,"2019-04-01",355.77
6155,8,3,"2019-04-01",115.22
6156,8,4,"2019-04-01",1003.24
6157,9,1,"2019-04-01",1159.63
6158,9,2,"2019-04-01",356.52
6159,9,3,"2019-04-01",106.32
6160,9,4,"2019-04-01",1150.67
6161,10,1,"2019-04-01",1163.81
6162,10,2,"2019-04-01",350.11
6163,10,3,"2019-04-01",114.37
6164,10,4,"2019-04-01",1017.57
6165,13,1,"2019-04-01",1056.63
6166,13,2,"2019-04-01",309.14
6167,13,3,"2019-04-01",118.24
6168,13,4,"2019-04-01",1020.72
6169,15,1,"2019-04-01",1156.34
6170,15,2,"2019-04-01",335.86
6171,15,3,"2019-04-01",112.87
6172,15,4,"2019-04-01",1084.72
6173,20,1,"2019-04-01",1037.6
6174,20,2,"2019-04-01",340.15
6175,20,3,"2019-04-01",115.64
6176,20,4,"2019-04-01",1180.46
6177,17,1,"2019-04-01",1033.1
6178,17,2,"2019-04-01",307.24
6179,17,3,"2019-04-01",102.13
6180,17,4,"2019-04-01",1034.3
6181,21,1,"2019-04-01",1107.49
6182,21,2,"2019-04-01",310.36
6183,21,3,"2019-04-01",105.02
6184,21,4,"2019-04-01",1147.42
6185,22,1,"2019-04-01",1186.51
6186,22,2,"2019-04-01",327.08
6187,22,3,"2019-04-01",109.18
6188,22,4,"2019-04-01",1188.34
6189,12,1,"2019-04-01",1066.22
6190,12,2,"2019-04-01",349.82
6191,12,3,"2019-04-01",103.16
6192,12,4,"2019-04-01",1059.99
6193,14,1,"2019-04-01",1005.07
6194,14,2,"2019-04-01",313.6
6195,14,3,"2019-04-01",101.15
6196,14,4,"2019-04-01",1121.7
6197,19,1,"2019-04-01",1173.86
6198,19,2,"2019-04-01",331.25
6199,19,3,"2019-04-01",119.93
6200,19,4,"2019-04-01",1084.15
6201,16,1,"2019-04-01",1022.73
6202,16,2,"2019-04-01",318.35
6203,16,3,"2019-04-01",103.77
6204,16,4,"2019-04-01",1005.1
6205,11,1,"2019-04-01",1112.33
6206,11,2,"2019-04-01",343.9
6207,11,3,"2019-04-01",119.46
6208,11,4,"2019-04-01",1134.25
6209,25,1,"2019-04-01",1087.33
6210,25,2,"2019-04-01",310.16
6211,25,3,"2019-04-01",110.74
6212,25,4,"2019-04-01",1035.29
6213,26,1,"2019-04-01",1054.31
6214,26,2,"2019-04-01",349.7
6215,26,3,"2019-04-01",106.55
6216,26,4,"2019-04-01",1030.26
6217,27,1,"2019-04-01",1154.92
6218,27,2,"2019-04-01",325.15
6219,27,3,"2019-04-01",115.44
6220,27,4,"2019-04-01",1120.34
6221,29,1,"2019-04-01",1138.61
6222,29,2,"2019-04-01",339.61
6223,29,3,"2019-04-01",104.43
6224,29,4,"2019-04-01",1025.58
6225,30,1,"2019-04-01",1194.88
6226,30,2,"2019-04-01",329.31
6227,30,3,"2019-04-01",110.38
6228,30,4,"2019-04-01",1025.79
6229,31,1,"2019-04-01",1017.65
6230,31,2,"2019-04-01",303.26
6231,31,3,"2019-04-01",100.14
6232,31,4,"2019-04-01",1174.35
6233,23,1,"2019-04-01",1067.57
6234,23,2,"2019-04-01",304.44
6235,23,3,"2019-04-01",107.14
6236,23,4,"2019-04-01",1112.33
6237,24,1,"2019-04-01",1147.59
6238,24,2,"2019-04-01",300.29
6239,24,3,"2019-04-01",116.2
6240,24,4,"2019-04-01",1007.09
6241,18,1,"2019-05-01",1149.48
6242,18,2,"2019-05-01",337.83
6243,18,3,"2019-05-01",118.21
6244,18,4,"2019-05-01",1132.35
6245,1,1,"2019-05-01",1115.35
6246,1,2,"2019-05-01",353.9
6247,1,3,"2019-05-01",115.24
6248,1,4,"2019-05-01",1022.74
6249,2,1,"2019-05-01",1056.61
6250,2,2,"2019-05-01",304.46
6251,2,3,"2019-05-01",110.45
6252,2,4,"2019-05-01",1077.75
6253,3,1,"2019-05-01",1075.33
6254,3,2,"2019-05-01",343.02
6255,3,3,"2019-05-01",109.1
6256,3,4,"2019-05-01",1024.97
6257,4,1,"2019-05-01",1051.74
6258,4,2,"2019-05-01",355.14
6259,4,3,"2019-05-01",116.38
6260,4,4,"2019-05-01",1067.56
6261,5,1,"2019-05-01",1046.4
6262,5,2,"2019-05-01",308.8
6263,5,3,"2019-05-01",100.74
6264,5,4,"2019-05-01",1149.13
6265,6,1,"2019-05-01",1123.38
6266,6,2,"2019-05-01",350.85
6267,6,3,"2019-05-01",107.74
6268,6,4,"2019-05-01",1078.41
6269,7,1,"2019-05-01",1159.88
6270,7,2,"2019-05-01",349.25
6271,7,3,"2019-05-01",114.13
6272,7,4,"2019-05-01",1013.8
6273,8,1,"2019-05-01",1045.18
6274,8,2,"2019-05-01",355.36
6275,8,3,"2019-05-01",118.71
6276,8,4,"2019-05-01",1181.78
6277,9,1,"2019-05-01",1147.71
6278,9,2,"2019-05-01",357.95
6279,9,3,"2019-05-01",112.28
6280,9,4,"2019-05-01",1034.41
6281,10,1,"2019-05-01",1003.66
6282,10,2,"2019-05-01",334.52
6283,10,3,"2019-05-01",116.44
6284,10,4,"2019-05-01",1076.66
6285,13,1,"2019-05-01",1090.17
6286,13,2,"2019-05-01",306.26
6287,13,3,"2019-05-01",103.39
6288,13,4,"2019-05-01",1106.8
6289,15,1,"2019-05-01",1032.34
6290,15,2,"2019-05-01",312.39
6291,15,3,"2019-05-01",110.94
6292,15,4,"2019-05-01",1023.34
6293,20,1,"2019-05-01",1188.38
6294,20,2,"2019-05-01",321.56
6295,20,3,"2019-05-01",119.41
6296,20,4,"2019-05-01",1155.17
6297,17,1,"2019-05-01",1193.41
6298,17,2,"2019-05-01",330.46
6299,17,3,"2019-05-01",112.74
6300,17,4,"2019-05-01",1132.43
6301,21,1,"2019-05-01",1079.94
6302,21,2,"2019-05-01",300.72
6303,21,3,"2019-05-01",117.22
6304,21,4,"2019-05-01",1053.89
6305,22,1,"2019-05-01",1152.78
6306,22,2,"2019-05-01",300.68
6307,22,3,"2019-05-01",115.29
6308,22,4,"2019-05-01",1157.77
6309,12,1,"2019-05-01",1130.14
6310,12,2,"2019-05-01",353.21
6311,12,3,"2019-05-01",109.65
6312,12,4,"2019-05-01",1150.25
6313,14,1,"2019-05-01",1061.82
6314,14,2,"2019-05-01",317.51
6315,14,3,"2019-05-01",110.64
6316,14,4,"2019-05-01",1156.75
6317,19,1,"2019-05-01",1064.61
6318,19,2,"2019-05-01",315.85
6319,19,3,"2019-05-01",107.03
6320,19,4,"2019-05-01",1193.21
6321,16,1,"2019-05-01",1155.0
6322,16,2,"2019-05-01",358.61
6323,16,3,"2019-05-01",111.19
6324,16,4,"2019-05-01",1173.4
6325,11,1,"2019-05-01",1131.26
6326,11,2,"2019-05-01",340.84
6327,11,3,"2019-05-01",108.68
6328,11,4,"2019-05-01",1025.74
6329,25,1,"2019-05-01",1068.25
6330,25,2,"2019-05-01",319.21
6331,25,3,"2019-05-01",111.54
6332,25,4,"2019-05-01",1184.75
6333,26,1,"2019-05-01",1177.66
6334,26,2,"2019-05-01",340.21
6335,26,3,"2019-05-01",113.72
6336,26,4,"2019-05-01",1083.9
6337,27,1,"2019-05-01",1007.92
6338,27,2,"2019-05-01",356.36
6339,27,3,"2019-05-01",111.56
6340,27,4,"2019-05-01",1014.29
6341,29,1,"2019-05-01",1124.74
6342,29,2,"2019-05-01",354.24
6343,29,3,"2019-05-01",112.98
6344,29,4,"2019-05-01",1106.8
6345,30,1,"2019-05-01",1144.48
6346,30,2,"2019-05-01",300.59
6347,30,3,"2019-05-01",117.64
6348,30,4,"2019-05-01",1076.18
6349,31,1,"2019-05-01",1051.66
6350,31,2,"2019-05-01",308.93
6351,31,3,"2019-05-01",119.38
6352,31,4,"2019-05-01",1079.94
6353,23,1,"2019-05-01",1018.14
6354,23,2,"2019-05-01",315.26
6355,23,3,"2019-05-01",120.0
6356,23,4,"2019-05-01",1047.22
6357,24,1,"2019-05-01",1036.17
6358,24,2,"2019-05-01",311.76
6359,24,3,"2019-05-01",108.75
6360,24,4,"2019-05-01",1119.96
6361,18,1,"2019-06-01",1137.27
6362,18,2,"2019-06-01",337.94
6363,18,3,"2019-06-01",102.05
6364,18,4,"2019-06-01",1123.02
6365,1,1,"2019-06-01",1153.65
6366,1,2,"2019-06-01",359.76
6367,1,3,"2019-06-01",113.51
6368,1,4,"2019-06-01",1077.72
6369,2,1,"2019-06-01",1183.41
6370,2,2,"2019-06-01",325.17
6371,2,3,"2019-06-01",106.93
6372,2,4,"2019-06-01",1094.63
6373,3,1,"2019-06-01",1065.36
6374,3,2,"2019-06-01",312.87
6375,3,3,"2019-06-01",101.85
6376,3,4,"2019-06-01",1163.71
6377,4,1,"2019-06-01",1163.06
6378,4,2,"2019-06-01",337.26
6379,4,3,"2019-06-01",113.18
6380,4,4,"2019-06-01",1086.4
6381,5,1,"2019-06-01",1036.59
6382,5,2,"2019-06-01",337.13
6383,5,3,"2019-06-01",110.91
6384,5,4,"2019-06-01",1174.02
6385,6,1,"2019-06-01",1142.92
6386,6,2,"2019-06-01",357.76
6387,6,3,"2019-06-01",113.39
6388,6,4,"2019-06-01",1091.96
6389,7,1,"2019-06-01",1058.07
6390,7,2,"2019-06-01",304.34
6391,7,3,"2019-06-01",109.81
6392,7,4,"2019-06-01",1046.96
6393,8,1,"2019-06-01",1140.62
6394,8,2,"2019-06-01",348.66
6395,8,3,"2019-06-01",118.92
6396,8,4,"2019-06-01",1059.35
6397,9,1,"2019-06-01",1129.15
6398,9,2,"2019-06-01",320.32
6399,9,3,"2019-06-01",115.12
6400,9,4,"2019-06-01",1152.62
6401,10,1,"2019-06-01",1109.61
6402,10,2,"2019-06-01",327.06
6403,10,3,"2019-06-01",112.22
6404,10,4,"2019-06-01",1140.51
6405,13,1,"2019-06-01",1135.87
6406,13,2,"2019-06-01",317.34
6407,13,3,"2019-06-01",108.15
6408,13,4,"2019-06-01",1033.86
6409,15,1,"2019-06-01",1124.93
6410,15,2,"2019-06-01",336.92
6411,15,3,"2019-06-01",104.05
6412,15,4,"2019-06-01",1033.3
6413,20,1,"2019-06-01",1045.01
6414,20,2,"2019-06-01",337.54
6415,20,3,"2019-06-01",109.07
6416,20,4,"2019-06-01",1078.14
6417,17,1,"2019-06-01",1118.53
6418,17,2,"2019-06-01",347.48
6419,17,3,"2019-06-01",103.57
6420,17,4,"2019-06-01",1103.79
6421,21,1,"2019-06-01",1011.81
6422,21,2,"2019-06-01",344.3
6423,21,3,"2019-06-01",110.29
6424,21,4,"2019-06-01",1071.34
6425,22,1,"2019-06-01",1048.13
6426,22,2,"2019-06-01",307.99
6427,22,3,"2019-06-01",118.87
6428,22,4,"2019-06-01",1063.77
6429,12,1,"2019-06-01",1152.65
6430,12,2,"2019-06-01",351.59
6431,12,3,"2019-06-01",100.18
6432,12,4,"2019-06-01",1093.32
6433,14,1,"2019-06-01",1061.07
6434,14,2,"2019-06-01",307.62
6435,14,3,"2019-06-01",114.38
6436,14,4,"2019-06-01",1042.59
6437,19,1,"2019-06-01",1181.68
6438,19,2,"2019-06-01",354.19
6439,19,3,"2019-06-01",115.82
6440,19,4,"2019-06-01",1048.87
6441,16,1,"2019-06-01",1169.88
6442,16,2,"2019-06-01",330.83
6443,16,3,"2019-06-01",100.42
6444,16,4,"2019-06-01",1112.89
6445,11,1,"2019-06-01",1151.74
6446,11,2,"2019-06-01",306.01
6447,11,3,"2019-06-01",104.49
6448,11,4,"2019-06-01",1164.46
6449,25,1,"2019-06-01",1087.58
6450,25,2,"2019-06-01",343.35
6451,25,3,"2019-06-01",105.98
6452,25,4,"2019-06-01",1065.61
6453,26,1,"2019-06-01",1148.56
6454,26,2,"2019-06-01",343.79
6455,26,3,"2019-06-01",108.41
6456,26,4,"2019-06-01",1182.62
6457,27,1,"2019-06-01",1060.82
6458,27,2,"2019-06-01",346.87
6459,27,3,"2019-06-01",119.87
6460,27,4,"2019-06-01",1124.94
6461,29,1,"2019-06-01",1028.5
6462,29,2,"2019-06-01",350.31
6463,29,3,"2019-06-01",115.29
6464,29,4,"2019-06-01",1061.63
6465,30,1,"2019-06-01",1049.32
6466,30,2,"2019-06-01",318.52
6467,30,3,"2019-06-01",116.07
6468,30,4,"2019-06-01",1018.19
6469,31,1,"2019-06-01",1008.94
6470,31,2,"2019-06-01",357.03
6471,31,3,"2019-06-01",112.37
6472,31,4,"2019-06-01",1048.33
6473,23,1,"2019-06-01",1070.47
6474,23,2,"2019-06-01",302.21
6475,23,3,"2019-06-01",102.54
6476,23,4,"2019-06-01",1104.87
6477,24,1,"2019-06-01",1048.19
6478,24,2,"2019-06-01",337.9
6479,24,3,"2019-06-01",108.71
6480,24,4,"2019-06-01",1056.3
6481,18,1,"2019-07-01",1020.34
6482,18,2,"2019-07-01",339.84
6483,18,3,"2019-07-01",100.3
6484,18,4,"2019-07-01",1016.61
6485,1,1,"2019-07-01",1074.05
6486,1,2,"2019-07-01",336.12
6487,1,3,"2019-07-01",117.98
6488,1,4,"2019-07-01",1137.95
6489,2,1,"2019-07-01",1150.25
6490,2,2,"2019-07-01",341.23
6491,2,3,"2019-07-01",103.64
6492,2,4,"2019-07-01",1169.68
6493,3,1,"2019-07-01",1139.2
6494,3,2,"2019-07-01",356.09
6495,3,3,"2019-07-01",111.72
6496,3,4,"2019-07-01",1025.09
6497,4,1,"2019-07-01",1173.86
6498,4,2,"2019-07-01",358.21
6499,4,3,"2019-07-01",104.85
6500,4,4,"2019-07-01",1060.6
6501,5,1,"2019-07-01",1157.39
6502,5,2,"2019-07-01",301.55
6503,5,3,"2019-07-01",115.37
6504,5,4,"2019-07-01",1152.83
6505,6,1,"2019-07-01",1103.14
6506,6,2,"2019-07-01",317.17
6507,6,3,"2019-07-01",117.67
6508,6,4,"2019-07-01",1112.03
6509,7,1,"2019-07-01",1029.92
6510,7,2,"2019-07-01",304.06
6511,7,3,"2019-07-01",117.78
6512,7,4,"2019-07-01",1048.53
6513,8,1,"2019-07-01",1109.19
6514,8,2,"2019-07-01",300.11
6515,8,3,"2019-07-01",107.42
6516,8,4,"2019-07-01",1170.02
6517,9,1,"2019-07-01",1027.46
6518,9,2,"2019-07-01",308.17
6519,9,3,"2019-07-01",105.37
6520,9,4,"2019-07-01",1187.05
6521,10,1,"2019-07-01",1174.0
6522,10,2,"2019-07-01",332.66
6523,10,3,"2019-07-01",102.24
6524,10,4,"2019-07-01",1185.21
6525,13,1,"2019-07-01",1058.96
6526,13,2,"2019-07-01",341.75
6527,13,3,"2019-07-01",111.9
6528,13,4,"2019-07-01",1177.49
6529,15,1,"2019-07-01",1130.42
6530,15,2,"2019-07-01",335.9
6531,15,3,"2019-07-01",100.7
6532,15,4,"2019-07-01",1076.1
6533,20,1,"2019-07-01",1159.46
6534,20,2,"2019-07-01",350.69
6535,20,3,"2019-07-01",116.65
6536,20,4,"2019-07-01",1125.66
6537,17,1,"2019-07-01",1128.73
6538,17,2,"2019-07-01",320.01
6539,17,3,"2019-07-01",114.73
6540,17,4,"2019-07-01",1136.33
6541,21,1,"2019-07-01",1039.81
6542,21,2,"2019-07-01",357.01
6543,21,3,"2019-07-01",103.08
6544,21,4,"2019-07-01",1183.82
6545,22,1,"2019-07-01",1026.73
6546,22,2,"2019-07-01",354.66
6547,22,3,"2019-07-01",103.08
6548,22,4,"2019-07-01",1007.37
6549,12,1,"2019-07-01",1144.45
6550,12,2,"2019-07-01",330.05
6551,12,3,"2019-07-01",106.75
6552,12,4,"2019-07-01",1037.02
6553,14,1,"2019-07-01",1182.56
6554,14,2,"2019-07-01",300.53
6555,14,3,"2019-07-01",106.11
6556,14,4,"2019-07-01",1100.25
6557,19,1,"2019-07-01",1117.92
6558,19,2,"2019-07-01",326.66
6559,19,3,"2019-07-01",109.06
6560,19,4,"2019-07-01",1186.32
6561,16,1,"2019-07-01",1059.83
6562,16,2,"2019-07-01",342.06
6563,16,3,"2019-07-01",112.15
6564,16,4,"2019-07-01",1186.79
6565,11,1,"2019-07-01",1169.55
6566,11,2,"2019-07-01",326.21
6567,11,3,"2019-07-01",112.82
6568,11,4,"2019-07-01",1178.74
6569,25,1,"2019-07-01",1109.2
6570,25,2,"2019-07-01",302.93
6571,25,3,"2019-07-01",112.13
6572,25,4,"2019-07-01",1177.07
6573,26,1,"2019-07-01",1121.51
6574,26,2,"2019-07-01",322.9
6575,26,3,"2019-07-01",101.72
6576,26,4,"2019-07-01",1057.01
6577,27,1,"2019-07-01",1033.4
6578,27,2,"2019-07-01",358.8
6579,27,3,"2019-07-01",107.97
6580,27,4,"2019-07-01",1010.69
6581,29,1,"2019-07-01",1014.26
6582,29,2,"2019-07-01",311.77
6583,29,3,"2019-07-01",115.33
6584,29,4,"2019-07-01",1048.96
6585,30,1,"2019-07-01",1184.82
6586,30,2,"2019-07-01",353.17
6587,30,3,"2019-07-01",113.16
6588,30,4,"2019-07-01",1126.57
6589,31,1,"2019-07-01",1037.93
6590,31,2,"2019-07-01",302.97
6591,31,3,"2019-07-01",113.58
6592,31,4,"2019-07-01",1049.07
6593,23,1,"2019-07-01",1038.05
6594,23,2,"2019-07-01",312.92
6595,23,3,"2019-07-01",110.12
6596,23,4,"2019-07-01",1176.91
6597,24,1,"2019-07-01",1180.85
6598,24,2,"2019-07-01",352.05
6599,24,3,"2019-07-01",112.5
6600,24,4,"2019-07-01",1104.65
6601,18,1,"2019-08-01",1148.15
6602,18,2,"2019-08-01",308.03
6603,18,3,"2019-08-01",108.94
6604,18,4,"2019-08-01",1166.71
6605,1,1,"2019-08-01",1165.32
6606,1,2,"2019-08-01",337.95
6607,1,3,"2019-08-01",113.65
6608,1,4,"2019-08-01",1103.2
6609,2,1,"2019-08-01",1106.36
6610,2,2,"2019-08-01",306.66
6611,2,3,"2019-08-01",119.19
6612,2,4,"2019-08-01",1093.11
6613,3,1,"2019-08-01",1089.72
6614,3,2,"2019-08-01",350.78
6615,3,3,"2019-08-01",117.71
6616,3,4,"2019-08-01",1177.85
6617,4,1,"2019-08-01",1157.88
6618,4,2,"2019-08-01",316.75
6619,4,3,"2019-08-01",100.56
6620,4,4,"2019-08-01",1060.33
6621,5,1,"2019-08-01",1084.94
6622,5,2,"2019-08-01",313.11
6623,5,3,"2019-08-01",116.37
6624,5,4,"2019-08-01",1087.34
6625,6,1,"2019-08-01",1145.62
6626,6,2,"2019-08-01",319.83
6627,6,3,"2019-08-01",109.36
6628,6,4,"2019-08-01",1069.8
6629,7,1,"2019-08-01",1068.16
6630,7,2,"2019-08-01",339.42
6631,7,3,"2019-08-01",105.25
6632,7,4,"2019-08-01",1068.34
6633,8,1,"2019-08-01",1184.17
6634,8,2,"2019-08-01",334.75
6635,8,3,"2019-08-01",102.67
6636,8,4,"2019-08-01",1186.04
6637,9,1,"2019-08-01",1050.06
6638,9,2,"2019-08-01",327.66
6639,9,3,"2019-08-01",111.07
6640,9,4,"2019-08-01",1077.12
6641,10,1,"2019-08-01",1053.39
6642,10,2,"2019-08-01",310.68
6643,10,3,"2019-08-01",101.78
6644,10,4,"2019-08-01",1182.43
6645,13,1,"2019-08-01",1058.59
6646,13,2,"2019-08-01",343.71
6647,13,3,"2019-08-01",115.27
6648,13,4,"2019-08-01",1126.21
6649,15,1,"2019-08-01",1173.07
6650,15,2,"2019-08-01",326.02
6651,15,3,"2019-08-01",111.44
6652,15,4,"2019-08-01",1111.96
6653,20,1,"2019-08-01",1016.52
6654,20,2,"2019-08-01",344.02
6655,20,3,"2019-08-01",108.41
6656,20,4,"2019-08-01",1180.23
6657,17,1,"2019-08-01",1048.89
6658,17,2,"2019-08-01",331.13
6659,17,3,"2019-08-01",117.22
6660,17,4,"2019-08-01",1149.73
6661,21,1,"2019-08-01",1032.02
6662,21,2,"2019-08-01",333.27
6663,21,3,"2019-08-01",105.84
6664,21,4,"2019-08-01",1159.28
6665,22,1,"2019-08-01",1021.22
6666,22,2,"2019-08-01",308.48
6667,22,3,"2019-08-01",107.76
6668,22,4,"2019-08-01",1103.39
6669,12,1,"2019-08-01",1084.04
6670,12,2,"2019-08-01",333.01
6671,12,3,"2019-08-01",109.81
6672,12,4,"2019-08-01",1160.36
6673,14,1,"2019-08-01",1107.51
6674,14,2,"2019-08-01",316.94
6675,14,3,"2019-08-01",115.98
6676,14,4,"2019-08-01",1029.77
6677,19,1,"2019-08-01",1069.33
6678,19,2,"2019-08-01",317.2
6679,19,3,"2019-08-01",107.87
6680,19,4,"2019-08-01",1021.52
6681,16,1,"2019-08-01",1071.48
6682,16,2,"2019-08-01",327.85
6683,16,3,"2019-08-01",104.98
6684,16,4,"2019-08-01",1170.4
6685,11,1,"2019-08-01",1102.64
6686,11,2,"2019-08-01",300.6
6687,11,3,"2019-08-01",110.2
6688,11,4,"2019-08-01",1104.17
6689,25,1,"2019-08-01",1014.76
6690,25,2,"2019-08-01",348.39
6691,25,3,"2019-08-01",116.22
6692,25,4,"2019-08-01",1126.99
6693,26,1,"2019-08-01",1148.43
6694,26,2,"2019-08-01",348.35
6695,26,3,"2019-08-01",116.06
6696,26,4,"2019-08-01",1119.41
6697,27,1,"2019-08-01",1115.31
6698,27,2,"2019-08-01",305.49
6699,27,3,"2019-08-01",114.56
6700,27,4,"2019-08-01",1073.06
6701,29,1,"2019-08-01",1128.52
6702,29,2,"2019-08-01",307.02
6703,29,3,"2019-08-01",113.15
6704,29,4,"2019-08-01",1187.36
6705,30,1,"2019-08-01",1142.22
6706,30,2,"2019-08-01",344.71
6707,30,3,"2019-08-01",111.86
6708,30,4,"2019-08-01",1145.63
6709,31,1,"2019-08-01",1172.49
6710,31,2,"2019-08-01",307.66
6711,31,3,"2019-08-01",101.03
6712,31,4,"2019-08-01",1174.69
6713,23,1,"2019-08-01",1042.65
6714,23,2,"2019-08-01",326.76
6715,23,3,"2019-08-01",111.8
6716,23,4,"2019-08-01",1122.51
6717,24,1,"2019-08-01",1058.49
6718,24,2,"2019-08-01",337.48
6719,24,3,"2019-08-01",104.92
6720,24,4,"2019-08-01",1071.32
6721,18,1,"2019-09-01",1008.89
6722,18,2,"2019-09-01",309.15
6723,18,3,"2019-09-01",112.58
6724,18,4,"2019-09-01",1137.73
6725,1,1,"2019-09-01",1111.11
6726,1,2,"2019-09-01",342.7
6727,1,3,"2019-09-01",117.84
6728,1,4,"2019-09-01",1065.03
6729,2,1,"2019-09-01",1189.91
6730,2,2,"2019-09-01",346.34
6731,2,3,"2019-09-01",100.26
6732,2,4,"2019-09-01",1149.62
6733,3,1,"2019-09-01",1140.29
6734,3,2,"2019-09-01",315.78
6735,3,3,"2019-09-01",104.21
6736,3,4,"2019-09-01",1052.67
6737,4,1,"2019-09-01",1137.1
6738,4,2,"2019-09-01",338.24
6739,4,3,"2019-09-01",102.61
6740,4,4,"2019-09-01",1147.87
6741,5,1,"2019-09-01",1061.19
6742,5,2,"2019-09-01",318.7
6743,5,3,"2019-09-01",112.81
6744,5,4,"2019-09-01",1053.55
6745,6,1,"2019-09-01",1083.41
6746,6,2,"2019-09-01",316.92
6747,6,3,"2019-09-01",103.18
6748,6,4,"2019-09-01",1189.95
6749,7,1,"2019-09-01",1054.23
6750,7,2,"2019-09-01",330.39
6751,7,3,"2019-09-01",114.38
6752,7,4,"2019-09-01",1015.09
6753,8,1,"2019-09-01",1044.07
6754,8,2,"2019-09-01",352.52
6755,8,3,"2019-09-01",114.31
6756,8,4,"2019-09-01",1190.36
6757,9,1,"2019-09-01",1122.47
6758,9,2,"2019-09-01",312.38
6759,9,3,"2019-09-01",103.9
6760,9,4,"2019-09-01",1071.09
6761,10,1,"2019-09-01",1038.48
6762,10,2,"2019-09-01",353.74
6763,10,3,"2019-09-01",118.02
6764,10,4,"2019-09-01",1163.8
6765,13,1,"2019-09-01",1078.29
6766,13,2,"2019-09-01",330.01
6767,13,3,"2019-09-01",106.53
6768,13,4,"2019-09-01",1026.33
6769,15,1,"2019-09-01",1135.78
6770,15,2,"2019-09-01",359.98
6771,15,3,"2019-09-01",119.23
6772,15,4,"2019-09-01",1161.51
6773,20,1,"2019-09-01",1030.78
6774,20,2,"2019-09-01",320.81
6775,20,3,"2019-09-01",105.45
6776,20,4,"2019-09-01",1064.33
6777,17,1,"2019-09-01",1158.2
6778,17,2,"2019-09-01",359.4
6779,17,3,"2019-09-01",111.54
6780,17,4,"2019-09-01",1182.91
6781,21,1,"2019-09-01",1168.4
6782,21,2,"2019-09-01",327.99
6783,21,3,"2019-09-01",116.13
6784,21,4,"2019-09-01",1126.52
6785,22,1,"2019-09-01",1148.74
6786,22,2,"2019-09-01",349.24
6787,22,3,"2019-09-01",117.44
6788,22,4,"2019-09-01",1179.73
6789,12,1,"2019-09-01",1175.38
6790,12,2,"2019-09-01",341.31
6791,12,3,"2019-09-01",116.24
6792,12,4,"2019-09-01",1198.94
6793,14,1,"2019-09-01",1107.48
6794,14,2,"2019-09-01",342.17
6795,14,3,"2019-09-01",118.03
6796,14,4,"2019-09-01",1080.0
6797,19,1,"2019-09-01",1059.02
6798,19,2,"2019-09-01",316.53
6799,19,3,"2019-09-01",109.84
6800,19,4,"2019-09-01",1126.69
6801,16,1,"2019-09-01",1138.29
6802,16,2,"2019-09-01",333.41
6803,16,3,"2019-09-01",114.2
6804,16,4,"2019-09-01",1175.85
6805,11,1,"2019-09-01",1053.28
6806,11,2,"2019-09-01",341.65
6807,11,3,"2019-09-01",113.43
6808,11,4,"2019-09-01",1055.23
6809,25,1,"2019-09-01",1073.12
6810,25,2,"2019-09-01",359.97
6811,25,3,"2019-09-01",118.02
6812,25,4,"2019-09-01",1101.17
6813,26,1,"2019-09-01",1165.3
6814,26,2,"2019-09-01",336.9
6815,26,3,"2019-09-01",111.91
6816,26,4,"2019-09-01",1026.6
6817,27,1,"2019-09-01",1175.64
6818,27,2,"2019-09-01",359.52
6819,27,3,"2019-09-01",106.5
6820,27,4,"2019-09-01",1129.96
6821,29,1,"2019-09-01",1054.72
6822,29,2,"2019-09-01",325.11
6823,29,3,"2019-09-01",105.44
6824,29,4,"2019-09-01",1020.8
6825,30,1,"2019-09-01",1140.83
6826,30,2,"2019-09-01",312.53
6827,30,3,"2019-09-01",118.64
6828,30,4,"2019-09-01",1006.64
6829,31,1,"2019-09-01",1074.03
6830,31,2,"2019-09-01",345.07
6831,31,3,"2019-09-01",112.9
6832,31,4,"2019-09-01",1194.52
6833,23,1,"2019-09-01",1185.48
6834,23,2,"2019-09-01",343.15
6835,23,3,"2019-09-01",116.27
6836,23,4,"2019-09-01",1182.03
6837,24,1,"2019-09-01",1022.05
6838,24,2,"2019-09-01",349.25
6839,24,3,"2019-09-01",115.47
6840,24,4,"2019-09-01",1080.95
6841,18,1,"2019-10-01",1140.68
6842,18,2,"2019-10-01",318.16
6843,18,3,"2019-10-01",108.06
6844,18,4,"2019-10-01",1021.46
6845,1,1,"2019-10-01",1065.48
6846,1,2,"2019-10-01",318.9
6847,1,3,"2019-10-01",111.86
6848,1,4,"2019-10-01",1003.78
6849,2,1,"2019-10-01",1063.24
6850,2,2,"2019-10-01",331.45
6851,2,3,"2019-10-01",113.45
6852,2,4,"2019-10-01",1158.04
6853,3,1,"2019-10-01",1186.66
6854,3,2,"2019-10-01",317.75
6855,3,3,"2019-10-01",113.58
6856,3,4,"2019-10-01",1101.59
6857,4,1,"2019-10-01",1100.53
6858,4,2,"2019-10-01",359.36
6859,4,3,"2019-10-01",108.78
6860,4,4,"2019-10-01",1045.35
6861,5,1,"2019-10-01",1163.34
6862,5,2,"2019-10-01",324.2
6863,5,3,"2019-10-01",111.34
6864,5,4,"2019-10-01",1124.74
6865,6,1,"2019-10-01",1083.64
6866,6,2,"2019-10-01",313.19
6867,6,3,"2019-10-01",116.9
6868,6,4,"2019-10-01",1112.99
6869,7,1,"2019-10-01",1057.99
6870,7,2,"2019-10-01",345.3
6871,7,3,"2019-10-01",118.1
6872,7,4,"2019-10-01",1051.98
6873,8,1,"2019-10-01",1116.93
6874,8,2,"2019-10-01",308.62
6875,8,3,"2019-10-01",119.28
6876,8,4,"2019-10-01",1077.86
6877,9,1,"2019-10-01",1010.89
6878,9,2,"2019-10-01",306.26
6879,9,3,"2019-10-01",107.17
6880,9,4,"2019-10-01",1095.76
6881,10,1,"2019-10-01",1063.78
6882,10,2,"2019-10-01",309.49
6883,10,3,"2019-10-01",116.68
6884,10,4,"2019-10-01",1139.24
6885,13,1,"2019-10-01",1195.73
6886,13,2,"2019-10-01",348.27
6887,13,3,"2019-10-01",101.73
6888,13,4,"2019-10-01",1003.92
6889,15,1,"2019-10-01",1167.64
6890,15,2,"2019-10-01",307.93
6891,15,3,"2019-10-01",102.93
6892,15,4,"2019-10-01",1067.11
6893,20,1,"2019-10-01",1047.69
6894,20,2,"2019-10-01",311.14
6895,20,3,"2019-10-01",104.26
6896,20,4,"2019-10-01",1101.51
6897,17,1,"2019-10-01",1179.82
6898,17,2,"2019-10-01",358.36
6899,17,3,"2019-10-01",103.33
6900,17,4,"2019-10-01",1182.7
6901,21,1,"2019-10-01",1013.69
6902,21,2,"2019-10-01",336.11
6903,21,3,"2019-10-01",116.08
6904,21,4,"2019-10-01",1042.75
6905,22,1,"2019-10-01",1131.44
6906,22,2,"2019-10-01",338.68
6907,22,3,"2019-10-01",105.04
6908,22,4,"2019-10-01",1065.21
6909,12,1,"2019-10-01",1174.81
6910,12,2,"2019-10-01",323.53
6911,12,3,"2019-10-01",106.78
6912,12,4,"2019-10-01",1103.49
6913,14,1,"2019-10-01",1114.16
6914,14,2,"2019-10-01",318.1
6915,14,3,"2019-10-01",115.91
6916,14,4,"2019-10-01",1014.66
6917,19,1,"2019-10-01",1195.91
6918,19,2,"2019-10-01",340.67
6919,19,3,"2019-10-01",109.02
6920,19,4,"2019-10-01",1044.13
6921,16,1,"2019-10-01",1150.11
6922,16,2,"2019-10-01",305.45
6923,16,3,"2019-10-01",104.06
6924,16,4,"2019-10-01",1148.28
6925,11,1,"2019-10-01",1019.73
6926,11,2,"2019-10-01",316.14
6927,11,3,"2019-10-01",100.98
6928,11,4,"2019-10-01",1087.52
6929,25,1,"2019-10-01",1008.24
6930,25,2,"2019-10-01",353.6
6931,25,3,"2019-10-01",106.86
6932,25,4,"2019-10-01",1006.97
6933,26,1,"2019-10-01",1029.08
6934,26,2,"2019-10-01",337.35
6935,26,3,"2019-10-01",113.52
6936,26,4,"2019-10-01",1102.48
6937,27,1,"2019-10-01",1106.83
6938,27,2,"2019-10-01",308.02
6939,27,3,"2019-10-01",101.32
6940,27,4,"2019-10-01",1185.63
6941,29,1,"2019-10-01",1088.64
6942,29,2,"2019-10-01",325.89
6943,29,3,"2019-10-01",116.56
6944,29,4,"2019-10-01",1169.11
6945,30,1,"2019-10-01",1148.76
6946,30,2,"2019-10-01",310.94
6947,30,3,"2019-10-01",113.6
6948,30,4,"2019-10-01",1170.62
6949,31,1,"2019-10-01",1045.11
6950,31,2,"2019-10-01",334.11
6951,31,3,"2019-10-01",103.32
6952,31,4,"2019-10-01",1024.71
6953,23,1,"2019-10-01",1024.05
6954,23,2,"2019-10-01",313.84
6955,23,3,"2019-10-01",115.85
6956,23,4,"2019-10-01",1054.08
6957,24,1,"2019-10-01",1194.9
6958,24,2,"2019-10-01",303.68
6959,24,3,"2019-10-01",107.67
6960,24,4,"2019-10-01",1146.61
6961,18,1,"2019-11-01",1102.96
6962,18,2,"2019-11-01",322.5
6963,18,3,"2019-11-01",106.61
6964,18,4,"2019-11-01",1105.43
6965,1,1,"2019-11-01",1128.88
6966,1,2,"2019-11-01",338.44
6967,1,3,"2019-11-01",105.41
6968,1,4,"2019-11-01",1085.87
6969,2,1,"2019-11-01",1067.19
6970,2,2,"2019-11-01",323.49
6971,2,3,"2019-11-01",119.0
6972,2,4,"2019-11-01",1115.01
6973,3,1,"2019-11-01",1005.08
6974,3,2,"2019-11-01",324.12
6975,3,3,"2019-11-01",118.67
6976,3,4,"2019-11-01",1092.37
6977,4,1,"2019-11-01",1101.72
6978,4,2,"2019-11-01",309.45
6979,4,3,"2019-11-01",105.24
6980,4,4,"2019-11-01",1167.31
6981,5,1,"2019-11-01",1079.44
6982,5,2,"2019-11-01",328.59
6983,5,3,"2019-11-01",103.81
6984,5,4,"2019-11-01",1104.67
6985,6,1,"2019-11-01",1009.02
6986,6,2,"2019-11-01",339.34
6987,6,3,"2019-11-01",102.85
6988,6,4,"2019-11-01",1149.25
6989,7,1,"2019-11-01",1060.69
6990,7,2,"2019-11-01",316.7
6991,7,3,"2019-11-01",109.63
6992,7,4,"2019-11-01",1114.63
6993,8,1,"2019-11-01",1084.15
6994,8,2,"2019-11-01",323.05
6995,8,3,"2019-11-01",113.18
6996,8,4,"2019-11-01",1028.44
6997,9,1,"2019-11-01",1146.79
6998,9,2,"2019-11-01",314.6
6999,9,3,"2019-11-01",100.29
7000,9,4,"2019-11-01",1068.52
7001,10,1,"2019-11-01",1133.91
7002,10,2,"2019-11-01",319.19
7003,10,3,"2019-11-01",111.82
7004,10,4,"2019-11-01",1198.86
7005,13,1,"2019-11-01",1039.84
7006,13,2,"2019-11-01",300.78
7007,13,3,"2019-11-01",109.35
7008,13,4,"2019-11-01",1059.52
7009,15,1,"2019-11-01",1017.23
7010,15,2,"2019-11-01",332.27
7011,15,3,"2019-11-01",108.61
7012,15,4,"2019-11-01",1108.0
7013,20,1,"2019-11-01",1081.59
7014,20,2,"2019-11-01",325.18
7015,20,3,"2019-11-01",117.49
7016,20,4,"2019-11-01",1022.62
7017,17,1,"2019-11-01",1188.45
7018,17,2,"2019-11-01",322.32
7019,17,3,"2019-11-01",100.67
7020,17,4,"2019-11-01",1010.1
7021,21,1,"2019-11-01",1030.52
7022,21,2,"2019-11-01",336.69
7023,21,3,"2019-11-01",112.0
7024,21,4,"2019-11-01",1032.89
7025,22,1,"2019-11-01",1004.58
7026,22,2,"2019-11-01",337.26
7027,22,3,"2019-11-01",100.73
7028,22,4,"2019-11-01",1063.94
7029,12,1,"2019-11-01",1097.74
7030,12,2,"2019-11-01",329.07
7031,12,3,"2019-11-01",119.13
7032,12,4,"2019-11-01",1065.79
7033,14,1,"2019-11-01",1155.02
7034,14,2,"2019-11-01",353.33
7035,14,3,"2019-11-01",102.37
7036,14,4,"2019-11-01",1185.46
7037,19,1,"2019-11-01",1056.03
7038,19,2,"2019-11-01",337.14
7039,19,3,"2019-11-01",105.09
7040,19,4,"2019-11-01",1082.9
7041,16,1,"2019-11-01",1061.92
7042,16,2,"2019-11-01",318.28
7043,16,3,"2019-11-01",111.88
7044,16,4,"2019-11-01",1011.4
7045,11,1,"2019-11-01",1100.52
7046,11,2,"2019-11-01",320.51
7047,11,3,"2019-11-01",104.03
7048,11,4,"2019-11-01",1196.59
7049,25,1,"2019-11-01",1061.91
7050,25,2,"2019-11-01",335.94
7051,25,3,"2019-11-01",101.33
7052,25,4,"2019-11-01",1106.86
7053,26,1,"2019-11-01",1094.54
7054,26,2,"2019-11-01",345.64
7055,26,3,"2019-11-01",107.71
7056,26,4,"2019-11-01",1128.86
7057,27,1,"2019-11-01",1013.12
7058,27,2,"2019-11-01",323.71
7059,27,3,"2019-11-01",115.58
7060,27,4,"2019-11-01",1141.98
7061,29,1,"2019-11-01",1042.44
7062,29,2,"2019-11-01",355.88
7063,29,3,"2019-11-01",100.4
7064,29,4,"2019-11-01",1061.17
7065,30,1,"2019-11-01",1093.87
7066,30,2,"2019-11-01",325.76
7067,30,3,"2019-11-01",114.77
7068,30,4,"2019-11-01",1080.82
7069,31,1,"2019-11-01",1161.07
7070,31,2,"2019-11-01",348.87
7071,31,3,"2019-11-01",113.12
7072,31,4,"2019-11-01",1167.43
7073,23,1,"2019-11-01",1043.51
7074,23,2,"2019-11-01",334.57
7075,23,3,"2019-11-01",104.57
7076,23,4,"2019-11-01",1082.78
7077,24,1,"2019-11-01",1076.81
7078,24,2,"2019-11-01",340.71
7079,24,3,"2019-11-01",104.8
7080,24,4,"2019-11-01",1033.0
7081,18,1,"2019-12-01",1020.98
7082,18,2,"2019-12-01",301.77
7083,18,3,"2019-12-01",116.65
7084,18,4,"2019-12-01",1015.02
7085,1,1,"2019-12-01",1175.48
7086,1,2,"2019-12-01",309.7
7087,1,3,"2019-12-01",103.52
7088,1,4,"2019-12-01",1078.85
7089,2,1,"2019-12-01",1088.76
7090,2,2,"2019-12-01",302.18
7091,2,3,"2019-12-01",117.0
7092,2,4,"2019-12-01",1028.28
7093,3,1,"2019-12-01",1031.36
7094,3,2,"2019-12-01",321.58
7095,3,3,"2019-12-01",106.57
7096,3,4,"2019-12-01",1112.47
7097,4,1,"2019-12-01",1165.38
7098,4,2,"2019-12-01",326.85
7099,4,3,"2019-12-01",115.13
7100,4,4,"2019-12-01",1087.95
7101,5,1,"2019-12-01",1185.9
7102,5,2,"2019-12-01",319.7
7103,5,3,"2019-12-01",117.06
7104,5,4,"2019-12-01",1055.94
7105,6,1,"2019-12-01",1167.97
7106,6,2,"2019-12-01",321.61
7107,6,3,"2019-12-01",105.63
7108,6,4,"2019-12-01",1065.17
7109,7,1,"2019-12-01",1157.11
7110,7,2,"2019-12-01",357.0
7111,7,3,"2019-12-01",107.87
7112,7,4,"2019-12-01",1023.45
7113,8,1,"2019-12-01",1081.19
7114,8,2,"2019-12-01",340.68
7115,8,3,"2019-12-01",103.44
7116,8,4,"2019-12-01",1165.04
7117,9,1,"2019-12-01",1122.13
7118,9,2,"2019-12-01",334.65
7119,9,3,"2019-12-01",101.12
7120,9,4,"2019-12-01",1109.32
7121,10,1,"2019-12-01",1113.11
7122,10,2,"2019-12-01",311.27
7123,10,3,"2019-12-01",104.85
7124,10,4,"2019-12-01",1129.7
7125,13,1,"2019-12-01",1103.09
7126,13,2,"2019-12-01",337.91
7127,13,3,"2019-12-01",112.25
7128,13,4,"2019-12-01",1033.43
7129,15,1,"2019-12-01",1199.65
7130,15,2,"2019-12-01",329.39
7131,15,3,"2019-12-01",109.09
7132,15,4,"2019-12-01",1160.62
7133,20,1,"2019-12-01",1130.38
7134,20,2,"2019-12-01",351.01
7135,20,3,"2019-12-01",105.9
7136,20,4,"2019-12-01",1185.03
7137,17,1,"2019-12-01",1148.07
7138,17,2,"2019-12-01",355.59
7139,17,3,"2019-12-01",108.22
7140,17,4,"2019-12-01",1055.12
7141,21,1,"2019-12-01",1029.03
7142,21,2,"2019-12-01",353.93
7143,21,3,"2019-12-01",101.18
7144,21,4,"2019-12-01",1119.55
7145,22,1,"2019-12-01",1162.45
7146,22,2,"2019-12-01",316.07
7147,22,3,"2019-12-01",118.05
7148,22,4,"2019-12-01",1141.99
7149,12,1,"2019-12-01",1168.33
7150,12,2,"2019-12-01",304.7
7151,12,3,"2019-12-01",117.33
7152,12,4,"2019-12-01",1019.59
7153,14,1,"2019-12-01",1178.02
7154,14,2,"2019-12-01",309.4
7155,14,3,"2019-12-01",102.26
7156,14,4,"2019-12-01",1019.04
7157,19,1,"2019-12-01",1027.38
7158,19,2,"2019-12-01",323.93
7159,19,3,"2019-12-01",111.68
7160,19,4,"2019-12-01",1144.46
7161,16,1,"2019-12-01",1172.0
7162,16,2,"2019-12-01",307.99
7163,16,3,"2019-12-01",101.71
7164,16,4,"2019-12-01",1005.76
7165,11,1,"2019-12-01",1177.4
7166,11,2,"2019-12-01",320.92
7167,11,3,"2019-12-01",101.65
7168,11,4,"2019-12-01",1073.11
7169,25,1,"2019-12-01",1116.18
7170,25,2,"2019-12-01",348.47
7171,25,3,"2019-12-01",105.93
7172,25,4,"2019-12-01",1011.7
7173,26,1,"2019-12-01",1080.67
7174,26,2,"2019-12-01",350.48
7175,26,3,"2019-12-01",119.93
7176,26,4,"2019-12-01",1091.52
7177,27,1,"2019-12-01",1059.84
7178,27,2,"2019-12-01",307.39
7179,27,3,"2019-12-01",114.37
7180,27,4,"2019-12-01",1044.35
7181,29,1,"2019-12-01",1190.8
7182,29,2,"2019-12-01",306.29
7183,29,3,"2019-12-01",113.24
7184,29,4,"2019-12-01",1199.07
7185,30,1,"2019-12-01",1198.17
7186,30,2,"2019-12-01",358.1
7187,30,3,"2019-12-01",117.38
7188,30,4,"2019-12-01",1087.93
7189,31,1,"2019-12-01",1118.32
7190,31,2,"2019-12-01",338.34
7191,31,3,"2019-12-01",108.41
7192,31,4,"2019-12-01",1036.92
7193,23,1,"2019-12-01",1132.41
7194,23,2,"2019-12-01",345.39
7195,23,3,"2019-12-01",115.92
7196,23,4,"2019-12-01",1142.19
7197,24,1,"2019-12-01",1033.31
7198,24,2,"2019-12-01",342.0
7199,24,3,"2019-12-01",100.0
7200,24,4,"2019-12-01",1180.21
7201,18,1,"2020-01-01",1100.91
7202,18,2,"2020-01-01",349.18
7203,18,3,"2020-01-01",111.7
7204,18,4,"2020-01-01",1093.15
7205,1,1,"2020-01-01",1114.74
7206,1,2,"2020-01-01",328.27
7207,1,3,"2020-01-01",112.7
7208,1,4,"2020-01-01",1152.23
7209,2,1,"2020-01-01",1180.18
7210,2,2,"2020-01-01",313.26
7211,2,3,"2020-01-01",108.05
7212,2,4,"2020-01-01",1069.67
7213,3,1,"2020-01-01",1107.01
7214,3,2,"2020-01-01",337.81
7215,3,3,"2020-01-01",110.92
7216,3,4,"2020-01-01",1167.64
7217,4,1,"2020-01-01",1110.77
7218,4,2,"2020-01-01",315.27
7219,4,3,"2020-01-01",112.23
7220,4,4,"2020-01-01",1058.57
7221,5,1,"2020-01-01",1126.06
7222,5,2,"2020-01-01",316.37
7223,5,3,"2020-01-01",109.47
7224,5,4,"2020-01-01",1109.83
7225,6,1,"2020-01-01",1065.02
7226,6,2,"2020-01-01",358.68
7227,6,3,"2020-01-01",118.3
7228,6,4,"2020-01-01",1128.22
7229,7,1,"2020-01-01",1092.08
7230,7,2,"2020-01-01",322.71
7231,7,3,"2020-01-01",110.23
7232,7,4,"2020-01-01",1084.58
7233,8,1,"2020-01-01",1115.87
7234,8,2,"2020-01-01",337.68
7235,8,3,"2020-01-01",108.04
7236,8,4,"2020-01-01",1024.98
7237,9,1,"2020-01-01",1083.87
7238,9,2,"2020-01-01",343.32
7239,9,3,"2020-01-01",107.04
7240,9,4,"2020-01-01",1118.73
7241,10,1,"2020-01-01",1182.51
7242,10,2,"2020-01-01",346.9
7243,10,3,"2020-01-01",103.42
7244,10,4,"2020-01-01",1101.94
7245,13,1,"2020-01-01",1007.13
7246,13,2,"2020-01-01",338.95
7247,13,3,"2020-01-01",102.77
7248,13,4,"2020-01-01",1149.19
7249,15,1,"2020-01-01",1062.76
7250,15,2,"2020-01-01",319.87
7251,15,3,"2020-01-01",114.29
7252,15,4,"2020-01-01",1115.7
7253,20,1,"2020-01-01",1149.86
7254,20,2,"2020-01-01",300.66
7255,20,3,"2020-01-01",116.14
7256,20,4,"2020-01-01",1000.58
7257,17,1,"2020-01-01",1118.58
7258,17,2,"2020-01-01",357.35
7259,17,3,"2020-01-01",100.0
7260,17,4,"2020-01-01",1026.72
7261,21,1,"2020-01-01",1133.47
7262,21,2,"2020-01-01",356.16
7263,21,3,"2020-01-01",113.56
7264,21,4,"2020-01-01",1116.47
7265,22,1,"2020-01-01",1175.48
7266,22,2,"2020-01-01",338.4
7267,22,3,"2020-01-01",111.36
7268,22,4,"2020-01-01",1183.95
7269,12,1,"2020-01-01",1178.96
7270,12,2,"2020-01-01",342.89
7271,12,3,"2020-01-01",117.79
7272,12,4,"2020-01-01",1060.65
7273,14,1,"2020-01-01",1169.53
7274,14,2,"2020-01-01",319.72
7275,14,3,"2020-01-01",102.0
7276,14,4,"2020-01-01",1102.83
7277,19,1,"2020-01-01",1054.15
7278,19,2,"2020-01-01",348.68
7279,19,3,"2020-01-01",104.89
7280,19,4,"2020-01-01",1157.62
7281,16,1,"2020-01-01",1041.43
7282,16,2,"2020-01-01",340.29
7283,16,3,"2020-01-01",114.73
7284,16,4,"2020-01-01",1133.43
7285,11,1,"2020-01-01",1025.31
7286,11,2,"2020-01-01",337.88
7287,11,3,"2020-01-01",115.54
7288,11,4,"2020-01-01",1198.38
7289,25,1,"2020-01-01",1125.56
7290,25,2,"2020-01-01",309.81
7291,25,3,"2020-01-01",118.68
7292,25,4,"2020-01-01",1035.74
7293,26,1,"2020-01-01",1018.42
7294,26,2,"2020-01-01",355.46
7295,26,3,"2020-01-01",106.9
7296,26,4,"2020-01-01",1190.62
7297,27,1,"2020-01-01",1146.0
7298,27,2,"2020-01-01",347.44
7299,27,3,"2020-01-01",115.27
7300,27,4,"2020-01-01",1089.14
7301,29,1,"2020-01-01",1187.57
7302,29,2,"2020-01-01",321.12
7303,29,3,"2020-01-01",118.93
7304,29,4,"2020-01-01",1135.46
7305,30,1,"2020-01-01",1109.27
7306,30,2,"2020-01-01",342.0
7307,30,3,"2020-01-01",117.21
7308,30,4,"2020-01-01",1040.71
7309,31,1,"2020-01-01",1087.16
7310,31,2,"2020-01-01",334.1
7311,31,3,"2020-01-01",110.68
7312,31,4,"2020-01-01",1193.18
7313,23,1,"2020-01-01",1045.41
7314,23,2,"2020-01-01",314.25
7315,23,3,"2020-01-01",110.13
7316,23,4,"2020-01-01",1163.98
7317,24,1,"2020-01-01",1115.98
7318,24,2,"2020-01-01",326.39
7319,24,3,"2020-01-01",109.19
7320,24,4,"2020-01-01",1195.76
7321,18,1,"2020-02-01",1102.99
7322,18,2,"2020-02-01",338.3
7323,18,3,"2020-02-01",112.93
7324,18,4,"2020-02-01",1063.73
7325,1,1,"2020-02-01",1130.62
7326,1,2,"2020-02-01",318.58
7327,1,3,"2020-02-01",111.77
7328,1,4,"2020-02-01",1002.9
7329,2,1,"2020-02-01",1061.32
7330,2,2,"2020-02-01",329.36
7331,2,3,"2020-02-01",110.54
7332,2,4,"2020-02-01",1033.43
7333,3,1,"2020-02-01",1050.94
7334,3,2,"2020-02-01",346.32
7335,3,3,"2020-02-01",101.92
7336,3,4,"2020-02-01",1032.82
7337,4,1,"2020-02-01",1106.47
7338,4,2,"2020-02-01",310.16
7339,4,3,"2020-02-01",105.0
7340,4,4,"2020-02-01",1148.36
7341,5,1,"2020-02-01",1191.79
7342,5,2,"2020-02-01",334.16
7343,5,3,"2020-02-01",119.4
7344,5,4,"2020-02-01",1028.22
7345,6,1,"2020-02-01",1159.2
7346,6,2,"2020-02-01",333.4
7347,6,3,"2020-02-01",107.91
7348,6,4,"2020-02-01",1061.3
7349,7,1,"2020-02-01",1069.32
7350,7,2,"2020-02-01",348.81
7351,7,3,"2020-02-01",100.56
7352,7,4,"2020-02-01",1139.73
7353,8,1,"2020-02-01",1081.94
7354,8,2,"2020-02-01",357.16
7355,8,3,"2020-02-01",110.68
7356,8,4,"2020-02-01",1162.27
7357,9,1,"2020-02-01",1091.06
7358,9,2,"2020-02-01",350.55
7359,9,3,"2020-02-01",116.93
7360,9,4,"2020-02-01",1141.1
7361,10,1,"2020-02-01",1197.52
7362,10,2,"2020-02-01",349.3
7363,10,3,"2020-02-01",102.9
7364,10,4,"2020-02-01",1052.25
7365,13,1,"2020-02-01",1174.13
7366,13,2,"2020-02-01",334.16
7367,13,3,"2020-02-01",104.7
7368,13,4,"2020-02-01",1093.31
7369,15,1,"2020-02-01",1125.57
7370,15,2,"2020-02-01",344.38
7371,15,3,"2020-02-01",116.3
7372,15,4,"2020-02-01",1171.29
7373,20,1,"2020-02-01",1167.37
7374,20,2,"2020-02-01",336.89
7375,20,3,"2020-02-01",111.27
7376,20,4,"2020-02-01",1194.69
7377,17,1,"2020-02-01",1035.32
7378,17,2,"2020-02-01",357.75
7379,17,3,"2020-02-01",105.65
7380,17,4,"2020-02-01",1105.21
7381,21,1,"2020-02-01",1156.44
7382,21,2,"2020-02-01",319.96
7383,21,3,"2020-02-01",106.34
7384,21,4,"2020-02-01",1117.53
7385,22,1,"2020-02-01",1197.34
7386,22,2,"2020-02-01",310.23
7387,22,3,"2020-02-01",117.85
7388,22,4,"2020-02-01",1190.35
7389,12,1,"2020-02-01",1016.13
7390,12,2,"2020-02-01",332.88
7391,12,3,"2020-02-01",109.96
7392,12,4,"2020-02-01",1169.26
7393,14,1,"2020-02-01",1147.47
7394,14,2,"2020-02-01",308.87
7395,14,3,"2020-02-01",110.55
7396,14,4,"2020-02-01",1038.69
7397,19,1,"2020-02-01",1076.97
7398,19,2,"2020-02-01",320.64
7399,19,3,"2020-02-01",111.31
7400,19,4,"2020-02-01",1159.13
7401,16,1,"2020-02-01",1056.31
7402,16,2,"2020-02-01",301.26
7403,16,3,"2020-02-01",105.2
7404,16,4,"2020-02-01",1047.37
7405,11,1,"2020-02-01",1080.91
7406,11,2,"2020-02-01",318.73
7407,11,3,"2020-02-01",106.94
7408,11,4,"2020-02-01",1159.9
7409,25,1,"2020-02-01",1191.19
7410,25,2,"2020-02-01",322.87
7411,25,3,"2020-02-01",100.76
7412,25,4,"2020-02-01",1009.5
7413,26,1,"2020-02-01",1024.56
7414,26,2,"2020-02-01",328.29
7415,26,3,"2020-02-01",119.78
7416,26,4,"2020-02-01",1106.3
7417,27,1,"2020-02-01",1137.97
7418,27,2,"2020-02-01",351.29
7419,27,3,"2020-02-01",104.09
7420,27,4,"2020-02-01",1091.69
7421,29,1,"2020-02-01",1135.69
7422,29,2,"2020-02-01",301.02
7423,29,3,"2020-02-01",100.99
7424,29,4,"2020-02-01",1039.35
7425,30,1,"2020-02-01",1167.01
7426,30,2,"2020-02-01",335.1
7427,30,3,"2020-02-01",108.4
7428,30,4,"2020-02-01",1069.13
7429,31,1,"2020-02-01",1093.56
7430,31,2,"2020-02-01",318.12
7431,31,3,"2020-02-01",102.13
7432,31,4,"2020-02-01",1125.25
7433,23,1,"2020-02-01",1162.4
7434,23,2,"2020-02-01",310.87
7435,23,3,"2020-02-01",109.4
7436,23,4,"2020-02-01",1161.39
7437,24,1,"2020-02-01",1124.89
7438,24,2,"2020-02-01",342.09
7439,24,3,"2020-02-01",112.67
7440,24,4,"2020-02-01",1012.87
7441,18,1,"2020-03-01",1084.13
7442,18,2,"2020-03-01",354.6
7443,18,3,"2020-03-01",105.77
7444,18,4,"2020-03-01",1142.4
7445,1,1,"2020-03-01",1138.92
7446,1,2,"2020-03-01",320.23
7447,1,3,"2020-03-01",112.04
7448,1,4,"2020-03-01",1199.5
7449,2,1,"2020-03-01",1036.42
7450,2,2,"2020-03-01",355.09
7451,2,3,"2020-03-01",100.88
7452,2,4,"2020-03-01",1093.31
7453,3,1,"2020-03-01",1040.07
7454,3,2,"2020-03-01",336.12
7455,3,3,"2020-03-01",108.18
7456,3,4,"2020-03-01",1047.59
7457,4,1,"2020-03-01",1192.71
7458,4,2,"2020-03-01",306.23
7459,4,3,"2020-03-01",112.57
7460,4,4,"2020-03-01",1166.27
7461,5,1,"2020-03-01",1054.22
7462,5,2,"2020-03-01",351.68
7463,5,3,"2020-03-01",109.87
7464,5,4,"2020-03-01",1176.56
7465,6,1,"2020-03-01",1186.78
7466,6,2,"2020-03-01",301.27
7467,6,3,"2020-03-01",106.08
7468,6,4,"2020-03-01",1091.32
7469,7,1,"2020-03-01",1074.19
7470,7,2,"2020-03-01",329.1
7471,7,3,"2020-03-01",106.24
7472,7,4,"2020-03-01",1020.93
7473,8,1,"2020-03-01",1117.52
7474,8,2,"2020-03-01",337.44
7475,8,3,"2020-03-01",107.15
7476,8,4,"2020-03-01",1183.1
7477,9,1,"2020-03-01",1100.97
7478,9,2,"2020-03-01",346.67
7479,9,3,"2020-03-01",107.49
7480,9,4,"2020-03-01",1107.6
7481,10,1,"2020-03-01",1113.45
7482,10,2,"2020-03-01",313.33
7483,10,3,"2020-03-01",108.19
7484,10,4,"2020-03-01",1075.94
7485,13,1,"2020-03-01",1134.13
7486,13,2,"2020-03-01",312.85
7487,13,3,"2020-03-01",101.18
7488,13,4,"2020-03-01",1130.44
7489,15,1,"2020-03-01",1016.83
7490,15,2,"2020-03-01",327.84
7491,15,3,"2020-03-01",101.36
7492,15,4,"2020-03-01",1189.47
7493,20,1,"2020-03-01",1106.61
7494,20,2,"2020-03-01",349.39
7495,20,3,"2020-03-01",110.34
7496,20,4,"2020-03-01",1022.98
7497,17,1,"2020-03-01",1004.75
7498,17,2,"2020-03-01",346.44
7499,17,3,"2020-03-01",115.98
7500,17,4,"2020-03-01",1134.37
7501,21,1,"2020-03-01",1192.6
7502,21,2,"2020-03-01",347.96
7503,21,3,"2020-03-01",102.16
7504,21,4,"2020-03-01",1028.29
7505,22,1,"2020-03-01",1076.68
7506,22,2,"2020-03-01",329.56
7507,22,3,"2020-03-01",106.27
7508,22,4,"2020-03-01",1017.65
7509,12,1,"2020-03-01",1100.27
7510,12,2,"2020-03-01",314.53
7511,12,3,"2020-03-01",114.13
7512,12,4,"2020-03-01",1161.37
7513,14,1,"2020-03-01",1182.85
7514,14,2,"2020-03-01",309.04
7515,14,3,"2020-03-01",100.21
7516,14,4,"2020-03-01",1120.05
7517,19,1,"2020-03-01",1194.02
7518,19,2,"2020-03-01",302.97
7519,19,3,"2020-03-01",106.75
7520,19,4,"2020-03-01",1107.85
7521,16,1,"2020-03-01",1136.69
7522,16,2,"2020-03-01",347.97
7523,16,3,"2020-03-01",118.94
7524,16,4,"2020-03-01",1067.24
7525,11,1,"2020-03-01",1168.04
7526,11,2,"2020-03-01",311.55
7527,11,3,"2020-03-01",108.84
7528,11,4,"2020-03-01",1126.59
7529,25,1,"2020-03-01",1167.7
7530,25,2,"2020-03-01",317.61
7531,25,3,"2020-03-01",119.04
7532,25,4,"2020-03-01",1175.89
7533,26,1,"2020-03-01",1108.27
7534,26,2,"2020-03-01",304.11
7535,26,3,"2020-03-01",114.36
7536,26,4,"2020-03-01",1077.13
7537,27,1,"2020-03-01",1154.74
7538,27,2,"2020-03-01",342.69
7539,27,3,"2020-03-01",104.73
7540,27,4,"2020-03-01",1009.77
7541,29,1,"2020-03-01",1106.8
7542,29,2,"2020-03-01",331.41
7543,29,3,"2020-03-01",100.31
7544,29,4,"2020-03-01",1101.57
7545,30,1,"2020-03-01",1098.41
7546,30,2,"2020-03-01",356.21
7547,30,3,"2020-03-01",104.16
7548,30,4,"2020-03-01",1045.99
7549,31,1,"2020-03-01",1105.07
7550,31,2,"2020-03-01",356.22
7551,31,3,"2020-03-01",102.18
7552,31,4,"2020-03-01",1146.61
7553,23,1,"2020-03-01",1067.76
7554,23,2,"2020-03-01",329.69
7555,23,3,"2020-03-01",109.16
7556,23,4,"2020-03-01",1161.01
7557,24,1,"2020-03-01",1130.29
7558,24,2,"2020-03-01",350.52
7559,24,3,"2020-03-01",105.12
7560,24,4,"2020-03-01",1150.8
7561,18,1,"2020-04-01",1000.37
7562,18,2,"2020-04-01",344.84
7563,18,3,"2020-04-01",114.61
7564,18,4,"2020-04-01",1082.37
7565,1,1,"2020-04-01",1173.4
7566,1,2,"2020-04-01",305.97
7567,1,3,"2020-04-01",117.93
7568,1,4,"2020-04-01",1036.77
7569,2,1,"2020-04-01",1045.98
7570,2,2,"2020-04-01",335.87
7571,2,3,"2020-04-01",105.99
7572,2,4,"2020-04-01",1140.8
7573,3,1,"2020-04-01",1124.29
7574,3,2,"2020-04-01",359.71
7575,3,3,"2020-04-01",102.24
7576,3,4,"2020-04-01",1114.63
7577,4,1,"2020-04-01",1106.11
7578,4,2,"2020-04-01",356.0
7579,4,3,"2020-04-01",101.49
7580,4,4,"2020-04-01",1114.66
7581,5,1,"2020-04-01",1128.53
7582,5,2,"2020-04-01",329.6
7583,5,3,"2020-04-01",110.77
7584,5,4,"2020-04-01",1042.56
7585,6,1,"2020-04-01",1089.68
7586,6,2,"2020-04-01",336.22
7587,6,3,"2020-04-01",113.46
7588,6,4,"2020-04-01",1110.67
7589,7,1,"2020-04-01",1149.64
7590,7,2,"2020-04-01",304.85
7591,7,3,"2020-04-01",103.2
7592,7,4,"2020-04-01",1111.47
7593,8,1,"2020-04-01",1061.33
7594,8,2,"2020-04-01",351.67
7595,8,3,"2020-04-01",107.72
7596,8,4,"2020-04-01",1069.13
7597,9,1,"2020-04-01",1114.18
7598,9,2,"2020-04-01",349.05
7599,9,3,"2020-04-01",107.49
7600,9,4,"2020-04-01",1084.13
7601,10,1,"2020-04-01",1195.89
7602,10,2,"2020-04-01",338.11
7603,10,3,"2020-04-01",104.76
7604,10,4,"2020-04-01",1056.67
7605,13,1,"2020-04-01",1140.66
7606,13,2,"2020-04-01",339.99
7607,13,3,"2020-04-01",104.45
7608,13,4,"2020-04-01",1022.73
7609,15,1,"2020-04-01",1180.09
7610,15,2,"2020-04-01",309.67
7611,15,3,"2020-04-01",102.09
7612,15,4,"2020-04-01",1007.84
7613,20,1,"2020-04-01",1176.48
7614,20,2,"2020-04-01",317.67
7615,20,3,"2020-04-01",116.5
7616,20,4,"2020-04-01",1048.4
7617,17,1,"2020-04-01",1146.93
7618,17,2,"2020-04-01",356.84
7619,17,3,"2020-04-01",110.65
7620,17,4,"2020-04-01",1164.32
7621,21,1,"2020-04-01",1101.97
7622,21,2,"2020-04-01",305.07
7623,21,3,"2020-04-01",117.85
7624,21,4,"2020-04-01",1042.05
7625,22,1,"2020-04-01",1074.62
7626,22,2,"2020-04-01",314.09
7627,22,3,"2020-04-01",101.09
7628,22,4,"2020-04-01",1113.61
7629,12,1,"2020-04-01",1135.39
7630,12,2,"2020-04-01",340.84
7631,12,3,"2020-04-01",107.44
7632,12,4,"2020-04-01",1163.72
7633,14,1,"2020-04-01",1195.33
7634,14,2,"2020-04-01",325.66
7635,14,3,"2020-04-01",104.16
7636,14,4,"2020-04-01",1151.48
7637,19,1,"2020-04-01",1032.59
7638,19,2,"2020-04-01",332.55
7639,19,3,"2020-04-01",104.47
7640,19,4,"2020-04-01",1097.89
7641,16,1,"2020-04-01",1155.46
7642,16,2,"2020-04-01",325.08
7643,16,3,"2020-04-01",115.17
7644,16,4,"2020-04-01",1107.49
7645,11,1,"2020-04-01",1082.47
7646,11,2,"2020-04-01",326.97
7647,11,3,"2020-04-01",100.2
7648,11,4,"2020-04-01",1140.54
7649,25,1,"2020-04-01",1096.57
7650,25,2,"2020-04-01",318.37
7651,25,3,"2020-04-01",101.65
7652,25,4,"2020-04-01",1098.75
7653,26,1,"2020-04-01",1044.26
7654,26,2,"2020-04-01",337.52
7655,26,3,"2020-04-01",109.25
7656,26,4,"2020-04-01",1087.25
7657,27,1,"2020-04-01",1158.81
7658,27,2,"2020-04-01",339.68
7659,27,3,"2020-04-01",118.5
7660,27,4,"2020-04-01",1128.07
7661,29,1,"2020-04-01",1085.4
7662,29,2,"2020-04-01",312.84
7663,29,3,"2020-04-01",115.78
7664,29,4,"2020-04-01",1060.71
7665,30,1,"2020-04-01",1030.08
7666,30,2,"2020-04-01",350.49
7667,30,3,"2020-04-01",115.12
7668,30,4,"2020-04-01",1050.97
7669,31,1,"2020-04-01",1001.37
7670,31,2,"2020-04-01",316.18
7671,31,3,"2020-04-01",106.55
7672,31,4,"2020-04-01",1165.87
7673,23,1,"2020-04-01",1032.74
7674,23,2,"2020-04-01",319.83
7675,23,3,"2020-04-01",103.23
7676,23,4,"2020-04-01",1163.23
7677,24,1,"2020-04-01",1119.24
7678,24,2,"2020-04-01",331.95
7679,24,3,"2020-04-01",117.47
7680,24,4,"2020-04-01",1154.16
7681,18,1,"2020-05-01",1046.62
7682,18,2,"2020-05-01",351.19
7683,18,3,"2020-05-01",111.33
7684,18,4,"2020-05-01",1054.44
7685,1,1,"2020-05-01",1132.42
7686,1,2,"2020-05-01",329.64
7687,1,3,"2020-05-01",109.67
7688,1,4,"2020-05-01",1187.05
7689,2,1,"2020-05-01",1045.18
7690,2,2,"2020-05-01",319.43
7691,2,3,"2020-05-01",118.82
7692,2,4,"2020-05-01",1146.85
7693,3,1,"2020-05-01",1169.58
7694,3,2,"2020-05-01",302.21
7695,3,3,"2020-05-01",112.81
7696,3,4,"2020-05-01",1018.35
7697,4,1,"2020-05-01",1107.49
7698,4,2,"2020-05-01",324.72
7699,4,3,"2020-05-01",108.95
7700,4,4,"2020-05-01",1000.37
7701,5,1,"2020-05-01",1133.32
7702,5,2,"2020-05-01",319.65
7703,5,3,"2020-05-01",112.75
7704,5,4,"2020-05-01",1041.04
7705,6,1,"2020-05-01",1022.67
7706,6,2,"2020-05-01",357.08
7707,6,3,"2020-05-01",108.33
7708,6,4,"2020-05-01",1045.58
7709,7,1,"2020-05-01",1178.08
7710,7,2,"2020-05-01",346.1
7711,7,3,"2020-05-01",103.41
7712,7,4,"2020-05-01",1109.42
7713,8,1,"2020-05-01",1044.85
7714,8,2,"2020-05-01",328.79
7715,8,3,"2020-05-01",114.54
7716,8,4,"2020-05-01",1038.85
7717,9,1,"2020-05-01",1158.18
7718,9,2,"2020-05-01",322.3
7719,9,3,"2020-05-01",109.72
7720,9,4,"2020-05-01",1062.75
7721,10,1,"2020-05-01",1022.29
7722,10,2,"2020-05-01",336.95
7723,10,3,"2020-05-01",114.91
7724,10,4,"2020-05-01",1175.74
7725,13,1,"2020-05-01",1031.54
7726,13,2,"2020-05-01",309.14
7727,13,3,"2020-05-01",105.78
7728,13,4,"2020-05-01",1197.4
7729,15,1,"2020-05-01",1013.71
7730,15,2,"2020-05-01",322.9
7731,15,3,"2020-05-01",114.05
7732,15,4,"2020-05-01",1073.74
7733,20,1,"2020-05-01",1147.04
7734,20,2,"2020-05-01",334.2
7735,20,3,"2020-05-01",112.88
7736,20,4,"2020-05-01",1102.2
7737,17,1,"2020-05-01",1124.51
7738,17,2,"2020-05-01",334.78
7739,17,3,"2020-05-01",100.62
7740,17,4,"2020-05-01",1083.14
7741,21,1,"2020-05-01",1197.12
7742,21,2,"2020-05-01",340.85
7743,21,3,"2020-05-01",108.95
7744,21,4,"2020-05-01",1038.98
7745,22,1,"2020-05-01",1126.42
7746,22,2,"2020-05-01",334.54
7747,22,3,"2020-05-01",119.65
7748,22,4,"2020-05-01",1036.86
7749,12,1,"2020-05-01",1194.92
7750,12,2,"2020-05-01",319.21
7751,12,3,"2020-05-01",113.53
7752,12,4,"2020-05-01",1084.63
7753,14,1,"2020-05-01",1017.13
7754,14,2,"2020-05-01",309.54
7755,14,3,"2020-05-01",110.75
7756,14,4,"2020-05-01",1042.3
7757,19,1,"2020-05-01",1088.91
7758,19,2,"2020-05-01",335.29
7759,19,3,"2020-05-01",112.15
7760,19,4,"2020-05-01",1054.35
7761,16,1,"2020-05-01",1107.38
7762,16,2,"2020-05-01",352.16
7763,16,3,"2020-05-01",114.72
7764,16,4,"2020-05-01",1014.55
7765,11,1,"2020-05-01",1031.05
7766,11,2,"2020-05-01",333.47
7767,11,3,"2020-05-01",106.48
7768,11,4,"2020-05-01",1189.04
7769,25,1,"2020-05-01",1150.92
7770,25,2,"2020-05-01",356.25
7771,25,3,"2020-05-01",108.47
7772,25,4,"2020-05-01",1060.95
7773,26,1,"2020-05-01",1050.69
7774,26,2,"2020-05-01",321.19
7775,26,3,"2020-05-01",100.1
7776,26,4,"2020-05-01",1193.36
7777,27,1,"2020-05-01",1163.65
7778,27,2,"2020-05-01",311.45
7779,27,3,"2020-05-01",109.99
7780,27,4,"2020-05-01",1184.81
7781,29,1,"2020-05-01",1024.48
7782,29,2,"2020-05-01",350.39
7783,29,3,"2020-05-01",116.64
7784,29,4,"2020-05-01",1128.14
7785,30,1,"2020-05-01",1141.46
7786,30,2,"2020-05-01",336.86
7787,30,3,"2020-05-01",119.0
7788,30,4,"2020-05-01",1181.45
7789,31,1,"2020-05-01",1137.22
7790,31,2,"2020-05-01",342.52
7791,31,3,"2020-05-01",109.7
7792,31,4,"2020-05-01",1059.89
7793,23,1,"2020-05-01",1008.4
7794,23,2,"2020-05-01",318.7
7795,23,3,"2020-05-01",108.65
7796,23,4,"2020-05-01",1045.27
7797,24,1,"2020-05-01",1167.0
7798,24,2,"2020-05-01",329.76
7799,24,3,"2020-05-01",119.49
7800,24,4,"2020-05-01",1077.08
7801,18,1,"2020-06-01",1000.62
7802,18,2,"2020-06-01",351.56
7803,18,3,"2020-06-01",105.75
7804,18,4,"2020-06-01",1171.79
7805,1,1,"2020-06-01",1086.51
7806,1,2,"2020-06-01",335.15
7807,1,3,"2020-06-01",112.63
7808,1,4,"2020-06-01",1080.1
7809,2,1,"2020-06-01",1021.52
7810,2,2,"2020-06-01",320.19
7811,2,3,"2020-06-01",107.2
7812,2,4,"2020-06-01",1158.11
7813,3,1,"2020-06-01",1174.53
7814,3,2,"2020-06-01",359.49
7815,3,3,"2020-06-01",106.79
7816,3,4,"2020-06-01",1144.62
7817,4,1,"2020-06-01",1119.4
7818,4,2,"2020-06-01",348.94
7819,4,3,"2020-06-01",105.75
7820,4,4,"2020-06-01",1198.24
7821,5,1,"2020-06-01",1018.57
7822,5,2,"2020-06-01",329.45
7823,5,3,"2020-06-01",103.5
7824,5,4,"2020-06-01",1080.75
7825,6,1,"2020-06-01",1098.62
7826,6,2,"2020-06-01",315.25
7827,6,3,"2020-06-01",115.84
7828,6,4,"2020-06-01",1039.39
7829,7,1,"2020-06-01",1121.79
7830,7,2,"2020-06-01",327.24
7831,7,3,"2020-06-01",108.86
7832,7,4,"2020-06-01",1170.6
7833,8,1,"2020-06-01",1187.22
7834,8,2,"2020-06-01",307.29
7835,8,3,"2020-06-01",115.99
7836,8,4,"2020-06-01",1126.49
7837,9,1,"2020-06-01",1152.78
7838,9,2,"2020-06-01",355.34
7839,9,3,"2020-06-01",106.39
7840,9,4,"2020-06-01",1166.34
7841,10,1,"2020-06-01",1039.85
7842,10,2,"2020-06-01",330.07
7843,10,3,"2020-06-01",118.17
7844,10,4,"2020-06-01",1007.66
7845,13,1,"2020-06-01",1093.27
7846,13,2,"2020-06-01",313.01
7847,13,3,"2020-06-01",113.7
7848,13,4,"2020-06-01",1154.74
7849,15,1,"2020-06-01",1162.81
7850,15,2,"2020-06-01",344.95
7851,15,3,"2020-06-01",106.07
7852,15,4,"2020-06-01",1054.22
7853,20,1,"2020-06-01",1088.86
7854,20,2,"2020-06-01",324.49
7855,20,3,"2020-06-01",114.17
7856,20,4,"2020-06-01",1063.37
7857,17,1,"2020-06-01",1091.86
7858,17,2,"2020-06-01",320.75
7859,17,3,"2020-06-01",107.03
7860,17,4,"2020-06-01",1144.15
7861,21,1,"2020-06-01",1109.72
7862,21,2,"2020-06-01",334.84
7863,21,3,"2020-06-01",105.16
7864,21,4,"2020-06-01",1109.42
7865,22,1,"2020-06-01",1192.39
7866,22,2,"2020-06-01",310.11
7867,22,3,"2020-06-01",119.13
7868,22,4,"2020-06-01",1055.39
7869,12,1,"2020-06-01",1103.08
7870,12,2,"2020-06-01",344.76
7871,12,3,"2020-06-01",103.68
7872,12,4,"2020-06-01",1136.48
7873,14,1,"2020-06-01",1171.92
7874,14,2,"2020-06-01",315.05
7875,14,3,"2020-06-01",113.51
7876,14,4,"2020-06-01",1124.8
7877,19,1,"2020-06-01",1018.81
7878,19,2,"2020-06-01",335.9
7879,19,3,"2020-06-01",114.19
7880,19,4,"2020-06-01",1150.71
7881,16,1,"2020-06-01",1127.71
7882,16,2,"2020-06-01",355.92
7883,16,3,"2020-06-01",114.89
7884,16,4,"2020-06-01",1185.28
7885,11,1,"2020-06-01",1079.7
7886,11,2,"2020-06-01",312.8
7887,11,3,"2020-06-01",117.42
7888,11,4,"2020-06-01",1143.13
7889,25,1,"2020-06-01",1192.99
7890,25,2,"2020-06-01",340.66
7891,25,3,"2020-06-01",109.88
7892,25,4,"2020-06-01",1087.13
7893,26,1,"2020-06-01",1139.39
7894,26,2,"2020-06-01",310.67
7895,26,3,"2020-06-01",115.97
7896,26,4,"2020-06-01",1091.84
7897,27,1,"2020-06-01",1180.07
7898,27,2,"2020-06-01",307.44
7899,27,3,"2020-06-01",118.38
7900,27,4,"2020-06-01",1044.63
7901,29,1,"2020-06-01",1071.73
7902,29,2,"2020-06-01",307.42
7903,29,3,"2020-06-01",110.85
7904,29,4,"2020-06-01",1068.46
7905,30,1,"2020-06-01",1016.71
7906,30,2,"2020-06-01",323.44
7907,30,3,"2020-06-01",114.06
7908,30,4,"2020-06-01",1068.39
7909,31,1,"2020-06-01",1120.27
7910,31,2,"2020-06-01",358.86
7911,31,3,"2020-06-01",102.02
7912,31,4,"2020-06-01",1112.2
7913,23,1,"2020-06-01",1100.51
7914,23,2,"2020-06-01",349.79
7915,23,3,"2020-06-01",112.83
7916,23,4,"2020-06-01",1143.59
7917,24,1,"2020-06-01",1133.04
7918,24,2,"2020-06-01",310.33
7919,24,3,"2020-06-01",117.3
7920,24,4,"2020-06-01",1161.91
7921,18,1,"2020-07-01",1090.43
7922,18,2,"2020-07-01",349.93
7923,18,3,"2020-07-01",116.09
7924,18,4,"2020-07-01",1105.01
7925,1,1,"2020-07-01",1042.46
7926,1,2,"2020-07-01",329.19
7927,1,3,"2020-07-01",115.9
7928,1,4,"2020-07-01",1103.36
7929,2,1,"2020-07-01",1039.67
7930,2,2,"2020-07-01",326.48
7931,2,3,"2020-07-01",112.23
7932,2,4,"2020-07-01",1146.64
7933,3,1,"2020-07-01",1166.34
7934,3,2,"2020-07-01",357.54
7935,3,3,"2020-07-01",105.99
7936,3,4,"2020-07-01",1124.36
7937,4,1,"2020-07-01",1041.96
7938,4,2,"2020-07-01",311.02
7939,4,3,"2020-07-01",105.78
7940,4,4,"2020-07-01",1178.75
7941,5,1,"2020-07-01",1120.37
7942,5,2,"2020-07-01",319.67
7943,5,3,"2020-07-01",116.68
7944,5,4,"2020-07-01",1037.34
7945,6,1,"2020-07-01",1086.26
7946,6,2,"2020-07-01",335.78
7947,6,3,"2020-07-01",113.75
7948,6,4,"2020-07-01",1129.91
7949,7,1,"2020-07-01",1036.92
7950,7,2,"2020-07-01",358.46
7951,7,3,"2020-07-01",106.36
7952,7,4,"2020-07-01",1133.23
7953,8,1,"2020-07-01",1075.47
7954,8,2,"2020-07-01",353.29
7955,8,3,"2020-07-01",106.18
7956,8,4,"2020-07-01",1176.1
7957,9,1,"2020-07-01",1095.08
7958,9,2,"2020-07-01",344.14
7959,9,3,"2020-07-01",105.04
7960,9,4,"2020-07-01",1010.46
7961,10,1,"2020-07-01",1101.21
7962,10,2,"2020-07-01",322.39
7963,10,3,"2020-07-01",106.96
7964,10,4,"2020-07-01",1124.15
7965,13,1,"2020-07-01",1011.91
7966,13,2,"2020-07-01",326.13
7967,13,3,"2020-07-01",119.97
7968,13,4,"2020-07-01",1137.25
7969,15,1,"2020-07-01",1087.13
7970,15,2,"2020-07-01",307.18
7971,15,3,"2020-07-01",105.82
7972,15,4,"2020-07-01",1019.24
7973,20,1,"2020-07-01",1121.59
7974,20,2,"2020-07-01",345.07
7975,20,3,"2020-07-01",118.65
7976,20,4,"2020-07-01",1081.58
7977,17,1,"2020-07-01",1048.49
7978,17,2,"2020-07-01",359.32
7979,17,3,"2020-07-01",104.31
7980,17,4,"2020-07-01",1022.53
7981,21,1,"2020-07-01",1183.25
7982,21,2,"2020-07-01",314.6
7983,21,3,"2020-07-01",109.35
7984,21,4,"2020-07-01",1121.69
7985,22,1,"2020-07-01",1127.84
7986,22,2,"2020-07-01",322.24
7987,22,3,"2020-07-01",118.71
7988,22,4,"2020-07-01",1113.14
7989,12,1,"2020-07-01",1004.39
7990,12,2,"2020-07-01",324.76
7991,12,3,"2020-07-01",119.95
7992,12,4,"2020-07-01",1150.02
7993,14,1,"2020-07-01",1151.5
7994,14,2,"2020-07-01",332.24
7995,14,3,"2020-07-01",108.28
7996,14,4,"2020-07-01",1091.62
7997,19,1,"2020-07-01",1009.68
7998,19,2,"2020-07-01",352.07
7999,19,3,"2020-07-01",103.88
8000,19,4,"2020-07-01",1073.1
8001,16,1,"2020-07-01",1049.23
8002,16,2,"2020-07-01",308.06
8003,16,3,"2020-07-01",118.66
8004,16,4,"2020-07-01",1052.48
8005,11,1,"2020-07-01",1102.57
8006,11,2,"2020-07-01",346.62
8007,11,3,"2020-07-01",106.93
8008,11,4,"2020-07-01",1080.35
8009,25,1,"2020-07-01",1193.81
8010,25,2,"2020-07-01",338.4
8011,25,3,"2020-07-01",105.86
8012,25,4,"2020-07-01",1109.03
8013,26,1,"2020-07-01",1169.32
8014,26,2,"2020-07-01",335.86
8015,26,3,"2020-07-01",108.96
8016,26,4,"2020-07-01",1089.59
8017,27,1,"2020-07-01",1179.06
8018,27,2,"2020-07-01",307.95
8019,27,3,"2020-07-01",119.54
8020,27,4,"2020-07-01",1097.43
8021,29,1,"2020-07-01",1100.95
8022,29,2,"2020-07-01",303.74
8023,29,3,"2020-07-01",115.95
8024,29,4,"2020-07-01",1160.13
8025,30,1,"2020-07-01",1122.14
8026,30,2,"2020-07-01",339.1
8027,30,3,"2020-07-01",108.52
8028,30,4,"2020-07-01",1034.81
8029,31,1,"2020-07-01",1118.61
8030,31,2,"2020-07-01",326.58
8031,31,3,"2020-07-01",108.71
8032,31,4,"2020-07-01",1169.97
8033,23,1,"2020-07-01",1188.38
8034,23,2,"2020-07-01",309.6
8035,23,3,"2020-07-01",119.49
8036,23,4,"2020-07-01",1078.36
8037,24,1,"2020-07-01",1007.17
8038,24,2,"2020-07-01",300.24
8039,24,3,"2020-07-01",118.24
8040,24,4,"2020-07-01",1109.83
8041,18,1,"2020-08-01",1001.81
8042,18,2,"2020-08-01",323.87
8043,18,3,"2020-08-01",119.24
8044,18,4,"2020-08-01",1123.17
8045,1,1,"2020-08-01",1038.74
8046,1,2,"2020-08-01",307.26
8047,1,3,"2020-08-01",100.48
8048,1,4,"2020-08-01",1151.47
8049,2,1,"2020-08-01",1142.9
8050,2,2,"2020-08-01",318.02
8051,2,3,"2020-08-01",107.17
8052,2,4,"2020-08-01",1178.09
8053,3,1,"2020-08-01",1075.49
8054,3,2,"2020-08-01",312.95
8055,3,3,"2020-08-01",118.93
8056,3,4,"2020-08-01",1017.17
8057,4,1,"2020-08-01",1117.86
8058,4,2,"2020-08-01",341.34
8059,4,3,"2020-08-01",113.54
8060,4,4,"2020-08-01",1063.43
8061,5,1,"2020-08-01",1111.08
8062,5,2,"2020-08-01",349.53
8063,5,3,"2020-08-01",109.23
8064,5,4,"2020-08-01",1166.15
8065,6,1,"2020-08-01",1153.85
8066,6,2,"2020-08-01",321.25
8067,6,3,"2020-08-01",109.26
8068,6,4,"2020-08-01",1050.32
8069,7,1,"2020-08-01",1173.93
8070,7,2,"2020-08-01",335.61
8071,7,3,"2020-08-01",107.17
8072,7,4,"2020-08-01",1002.3
8073,8,1,"2020-08-01",1196.47
8074,8,2,"2020-08-01",352.64
8075,8,3,"2020-08-01",108.79
8076,8,4,"2020-08-01",1113.04
8077,9,1,"2020-08-01",1101.53
8078,9,2,"2020-08-01",350.57
8079,9,3,"2020-08-01",113.82
8080,9,4,"2020-08-01",1185.35
8081,10,1,"2020-08-01",1112.12
8082,10,2,"2020-08-01",301.37
8083,10,3,"2020-08-01",108.64
8084,10,4,"2020-08-01",1018.55
8085,13,1,"2020-08-01",1033.39
8086,13,2,"2020-08-01",333.4
8087,13,3,"2020-08-01",105.64
8088,13,4,"2020-08-01",1148.14
8089,15,1,"2020-08-01",1171.43
8090,15,2,"2020-08-01",303.83
8091,15,3,"2020-08-01",114.95
8092,15,4,"2020-08-01",1109.14
8093,20,1,"2020-08-01",1097.26
8094,20,2,"2020-08-01",347.66
8095,20,3,"2020-08-01",110.26
8096,20,4,"2020-08-01",1036.23
8097,17,1,"2020-08-01",1073.43
8098,17,2,"2020-08-01",317.54
8099,17,3,"2020-08-01",107.21
8100,17,4,"2020-08-01",1185.01
8101,21,1,"2020-08-01",1108.78
8102,21,2,"2020-08-01",356.66
8103,21,3,"2020-08-01",101.8
8104,21,4,"2020-08-01",1123.4
8105,22,1,"2020-08-01",1163.0
8106,22,2,"2020-08-01",313.43
8107,22,3,"2020-08-01",113.49
8108,22,4,"2020-08-01",1140.27
8109,12,1,"2020-08-01",1096.59
8110,12,2,"2020-08-01",318.64
8111,12,3,"2020-08-01",102.09
8112,12,4,"2020-08-01",1117.93
8113,14,1,"2020-08-01",1127.05
8114,14,2,"2020-08-01",324.44
8115,14,3,"2020-08-01",102.62
8116,14,4,"2020-08-01",1086.76
8117,19,1,"2020-08-01",1155.08
8118,19,2,"2020-08-01",334.54
8119,19,3,"2020-08-01",111.04
8120,19,4,"2020-08-01",1006.63
8121,16,1,"2020-08-01",1101.96
8122,16,2,"2020-08-01",326.97
8123,16,3,"2020-08-01",114.36
8124,16,4,"2020-08-01",1048.23
8125,11,1,"2020-08-01",1010.41
8126,11,2,"2020-08-01",332.21
8127,11,3,"2020-08-01",110.56
8128,11,4,"2020-08-01",1005.88
8129,25,1,"2020-08-01",1112.61
8130,25,2,"2020-08-01",343.63
8131,25,3,"2020-08-01",118.93
8132,25,4,"2020-08-01",1110.03
8133,26,1,"2020-08-01",1182.37
8134,26,2,"2020-08-01",354.53
8135,26,3,"2020-08-01",116.17
8136,26,4,"2020-08-01",1063.04
8137,27,1,"2020-08-01",1030.22
8138,27,2,"2020-08-01",348.6
8139,27,3,"2020-08-01",111.93
8140,27,4,"2020-08-01",1110.39
8141,29,1,"2020-08-01",1194.13
8142,29,2,"2020-08-01",311.85
8143,29,3,"2020-08-01",101.51
8144,29,4,"2020-08-01",1156.9
8145,30,1,"2020-08-01",1139.27
8146,30,2,"2020-08-01",307.7
8147,30,3,"2020-08-01",111.05
8148,30,4,"2020-08-01",1075.3
8149,31,1,"2020-08-01",1045.13
8150,31,2,"2020-08-01",359.93
8151,31,3,"2020-08-01",106.35
8152,31,4,"2020-08-01",1118.11
8153,23,1,"2020-08-01",1000.09
8154,23,2,"2020-08-01",313.83
8155,23,3,"2020-08-01",103.02
8156,23,4,"2020-08-01",1012.86
8157,24,1,"2020-08-01",1173.61
8158,24,2,"2020-08-01",308.84
8159,24,3,"2020-08-01",102.65
8160,24,4,"2020-08-01",1044.17
8161,18,1,"2020-09-01",1141.32
8162,18,2,"2020-09-01",352.22
8163,18,3,"2020-09-01",104.64
8164,18,4,"2020-09-01",1109.94
8165,1,1,"2020-09-01",1010.38
8166,1,2,"2020-09-01",336.62
8167,1,3,"2020-09-01",117.92
8168,1,4,"2020-09-01",1129.9
8169,2,1,"2020-09-01",1111.82
8170,2,2,"2020-09-01",350.82
8171,2,3,"2020-09-01",111.16
8172,2,4,"2020-09-01",1049.61
8173,3,1,"2020-09-01",1113.36
8174,3,2,"2020-09-01",305.39
8175,3,3,"2020-09-01",114.97
8176,3,4,"2020-09-01",1094.75
8177,4,1,"2020-09-01",1024.58
8178,4,2,"2020-09-01",311.6
8179,4,3,"2020-09-01",111.96
8180,4,4,"2020-09-01",1081.87
8181,5,1,"2020-09-01",1050.63
8182,5,2,"2020-09-01",302.26
8183,5,3,"2020-09-01",108.58
8184,5,4,"2020-09-01",1006.25
8185,6,1,"2020-09-01",1173.96
8186,6,2,"2020-09-01",315.31
8187,6,3,"2020-09-01",113.32
8188,6,4,"2020-09-01",1113.13
8189,7,1,"2020-09-01",1165.95
8190,7,2,"2020-09-01",327.11
8191,7,3,"2020-09-01",115.4
8192,7,4,"2020-09-01",1098.73
8193,8,1,"2020-09-01",1031.75
8194,8,2,"2020-09-01",318.77
8195,8,3,"2020-09-01",101.76
8196,8,4,"2020-09-01",1100.49
8197,9,1,"2020-09-01",1049.51
8198,9,2,"2020-09-01",343.82
8199,9,3,"2020-09-01",118.18
8200,9,4,"2020-09-01",1070.74
8201,10,1,"2020-09-01",1008.36
8202,10,2,"2020-09-01",308.88
8203,10,3,"2020-09-01",112.28
8204,10,4,"2020-09-01",1125.41
8205,13,1,"2020-09-01",1058.56
8206,13,2,"2020-09-01",334.97
8207,13,3,"2020-09-01",100.72
8208,13,4,"2020-09-01",1086.24
8209,15,1,"2020-09-01",1009.62
8210,15,2,"2020-09-01",356.82
8211,15,3,"2020-09-01",111.81
8212,15,4,"2020-09-01",1022.21
8213,20,1,"2020-09-01",1156.82
8214,20,2,"2020-09-01",335.24
8215,20,3,"2020-09-01",111.69
8216,20,4,"2020-09-01",1032.09
8217,17,1,"2020-09-01",1009.75
8218,17,2,"2020-09-01",345.74
8219,17,3,"2020-09-01",113.31
8220,17,4,"2020-09-01",1008.14
8221,21,1,"2020-09-01",1041.35
8222,21,2,"2020-09-01",354.7
8223,21,3,"2020-09-01",118.77
8224,21,4,"2020-09-01",1191.38
8225,22,1,"2020-09-01",1193.84
8226,22,2,"2020-09-01",358.52
8227,22,3,"2020-09-01",119.38
8228,22,4,"2020-09-01",1183.83
8229,12,1,"2020-09-01",1137.73
8230,12,2,"2020-09-01",341.15
8231,12,3,"2020-09-01",107.26
8232,12,4,"2020-09-01",1151.56
8233,14,1,"2020-09-01",1139.99
8234,14,2,"2020-09-01",313.58
8235,14,3,"2020-09-01",100.64
8236,14,4,"2020-09-01",1096.24
8237,19,1,"2020-09-01",1061.96
8238,19,2,"2020-09-01",306.32
8239,19,3,"2020-09-01",111.95
8240,19,4,"2020-09-01",1134.37
8241,16,1,"2020-09-01",1113.27
8242,16,2,"2020-09-01",348.98
8243,16,3,"2020-09-01",107.65
8244,16,4,"2020-09-01",1092.58
8245,11,1,"2020-09-01",1033.5
8246,11,2,"2020-09-01",326.93
8247,11,3,"2020-09-01",114.83
8248,11,4,"2020-09-01",1072.21
8249,25,1,"2020-09-01",1116.13
8250,25,2,"2020-09-01",349.21
8251,25,3,"2020-09-01",107.18
8252,25,4,"2020-09-01",1067.09
8253,26,1,"2020-09-01",1119.9
8254,26,2,"2020-09-01",359.47
8255,26,3,"2020-09-01",103.15
8256,26,4,"2020-09-01",1162.89
8257,27,1,"2020-09-01",1119.85
8258,27,2,"2020-09-01",333.18
8259,27,3,"2020-09-01",119.35
8260,27,4,"2020-09-01",1035.64
8261,29,1,"2020-09-01",1197.73
8262,29,2,"2020-09-01",324.51
8263,29,3,"2020-09-01",101.54
8264,29,4,"2020-09-01",1031.66
8265,30,1,"2020-09-01",1112.25
8266,30,2,"2020-09-01",319.88
8267,30,3,"2020-09-01",119.45
8268,30,4,"2020-09-01",1173.78
8269,31,1,"2020-09-01",1085.37
8270,31,2,"2020-09-01",331.65
8271,31,3,"2020-09-01",107.15
8272,31,4,"2020-09-01",1040.75
8273,23,1,"2020-09-01",1189.37
8274,23,2,"2020-09-01",307.39
8275,23,3,"2020-09-01",115.5
8276,23,4,"2020-09-01",1101.07
8277,24,1,"2020-09-01",1040.4
8278,24,2,"2020-09-01",329.63
8279,24,3,"2020-09-01",117.26
8280,24,4,"2020-09-01",1166.87
8281,18,1,"2020-10-01",1116.45
8282,18,2,"2020-10-01",324.49
8283,18,3,"2020-10-01",105.89
8284,18,4,"2020-10-01",1049.34
8285,1,1,"2020-10-01",1070.15
8286,1,2,"2020-10-01",300.81
8287,1,3,"2020-10-01",100.31
8288,1,4,"2020-10-01",1007.48
8289,2,1,"2020-10-01",1028.05
8290,2,2,"2020-10-01",335.33
8291,2,3,"2020-10-01",110.48
8292,2,4,"2020-10-01",1170.52
8293,3,1,"2020-10-01",1138.27
8294,3,2,"2020-10-01",353.94
8295,3,3,"2020-10-01",108.42
8296,3,4,"2020-10-01",1081.54
8297,4,1,"2020-10-01",1155.14
8298,4,2,"2020-10-01",339.32
8299,4,3,"2020-10-01",118.99
8300,4,4,"2020-10-01",1156.37
8301,5,1,"2020-10-01",1012.1
8302,5,2,"2020-10-01",357.42
8303,5,3,"2020-10-01",112.07
8304,5,4,"2020-10-01",1029.48
8305,6,1,"2020-10-01",1185.18
8306,6,2,"2020-10-01",311.23
8307,6,3,"2020-10-01",103.17
8308,6,4,"2020-10-01",1046.12
8309,7,1,"2020-10-01",1135.53
8310,7,2,"2020-10-01",341.79
8311,7,3,"2020-10-01",108.98
8312,7,4,"2020-10-01",1031.33
8313,8,1,"2020-10-01",1087.15
8314,8,2,"2020-10-01",342.53
8315,8,3,"2020-10-01",104.73
8316,8,4,"2020-10-01",1011.43
8317,9,1,"2020-10-01",1115.14
8318,9,2,"2020-10-01",342.43
8319,9,3,"2020-10-01",116.17
8320,9,4,"2020-10-01",1184.07
8321,10,1,"2020-10-01",1035.35
8322,10,2,"2020-10-01",307.36
8323,10,3,"2020-10-01",101.66
8324,10,4,"2020-10-01",1009.58
8325,13,1,"2020-10-01",1198.0
8326,13,2,"2020-10-01",348.37
8327,13,3,"2020-10-01",101.22
8328,13,4,"2020-10-01",1177.35
8329,15,1,"2020-10-01",1050.1
8330,15,2,"2020-10-01",335.54
8331,15,3,"2020-10-01",104.2
8332,15,4,"2020-10-01",1054.49
8333,20,1,"2020-10-01",1146.52
8334,20,2,"2020-10-01",350.74
8335,20,3,"2020-10-01",100.61
8336,20,4,"2020-10-01",1123.23
8337,17,1,"2020-10-01",1197.76
8338,17,2,"2020-10-01",305.74
8339,17,3,"2020-10-01",110.24
8340,17,4,"2020-10-01",1054.5
8341,21,1,"2020-10-01",1165.38
8342,21,2,"2020-10-01",319.01
8343,21,3,"2020-10-01",102.07
8344,21,4,"2020-10-01",1113.45
8345,22,1,"2020-10-01",1105.12
8346,22,2,"2020-10-01",355.58
8347,22,3,"2020-10-01",101.1
8348,22,4,"2020-10-01",1099.04
8349,12,1,"2020-10-01",1062.28
8350,12,2,"2020-10-01",304.28
8351,12,3,"2020-10-01",108.46
8352,12,4,"2020-10-01",1179.97
8353,14,1,"2020-10-01",1046.18
8354,14,2,"2020-10-01",327.3
8355,14,3,"2020-10-01",111.64
8356,14,4,"2020-10-01",1109.09
8357,19,1,"2020-10-01",1196.22
8358,19,2,"2020-10-01",316.15
8359,19,3,"2020-10-01",108.05
8360,19,4,"2020-10-01",1040.97
8361,16,1,"2020-10-01",1163.36
8362,16,2,"2020-10-01",328.17
8363,16,3,"2020-10-01",117.94
8364,16,4,"2020-10-01",1015.24
8365,11,1,"2020-10-01",1138.04
8366,11,2,"2020-10-01",313.35
8367,11,3,"2020-10-01",100.83
8368,11,4,"2020-10-01",1108.22
8369,25,1,"2020-10-01",1116.06
8370,25,2,"2020-10-01",316.7
8371,25,3,"2020-10-01",113.01
8372,25,4,"2020-10-01",1083.67
8373,26,1,"2020-10-01",1027.96
8374,26,2,"2020-10-01",326.64
8375,26,3,"2020-10-01",116.01
8376,26,4,"2020-10-01",1134.06
8377,27,1,"2020-10-01",1190.03
8378,27,2,"2020-10-01",344.39
8379,27,3,"2020-10-01",116.98
8380,27,4,"2020-10-01",1004.93
8381,29,1,"2020-10-01",1115.32
8382,29,2,"2020-10-01",348.55
8383,29,3,"2020-10-01",106.32
8384,29,4,"2020-10-01",1030.52
8385,30,1,"2020-10-01",1162.99
8386,30,2,"2020-10-01",337.01
8387,30,3,"2020-10-01",112.79
8388,30,4,"2020-10-01",1069.31
8389,31,1,"2020-10-01",1162.91
8390,31,2,"2020-10-01",301.99
8391,31,3,"2020-10-01",114.44
8392,31,4,"2020-10-01",1102.03
8393,23,1,"2020-10-01",1077.01
8394,23,2,"2020-10-01",323.69
8395,23,3,"2020-10-01",116.38
8396,23,4,"2020-10-01",1182.07
8397,24,1,"2020-10-01",1018.95
8398,24,2,"2020-10-01",344.57
8399,24,3,"2020-10-01",108.6
8400,24,4,"2020-10-01",1184.21
8401,18,1,"2020-11-01",1063.08
8402,18,2,"2020-11-01",348.84
8403,18,3,"2020-11-01",102.47
8404,18,4,"2020-11-01",1035.23
8405,1,1,"2020-11-01",1101.99
8406,1,2,"2020-11-01",301.28
8407,1,3,"2020-11-01",111.54
8408,1,4,"2020-11-01",1164.02
8409,2,1,"2020-11-01",1073.98
8410,2,2,"2020-11-01",323.36
8411,2,3,"2020-11-01",116.74
8412,2,4,"2020-11-01",1003.51
8413,3,1,"2020-11-01",1115.26
8414,3,2,"2020-11-01",349.73
8415,3,3,"2020-11-01",108.31
8416,3,4,"2020-11-01",1118.09
8417,4,1,"2020-11-01",1141.22
8418,4,2,"2020-11-01",345.54
8419,4,3,"2020-11-01",113.54
8420,4,4,"2020-11-01",1021.65
8421,5,1,"2020-11-01",1102.01
8422,5,2,"2020-11-01",313.53
8423,5,3,"2020-11-01",111.94
8424,5,4,"2020-11-01",1061.85
8425,6,1,"2020-11-01",1150.99
8426,6,2,"2020-11-01",350.82
8427,6,3,"2020-11-01",119.41
8428,6,4,"2020-11-01",1062.12
8429,7,1,"2020-11-01",1128.4
8430,7,2,"2020-11-01",316.69
8431,7,3,"2020-11-01",109.3
8432,7,4,"2020-11-01",1098.01
8433,8,1,"2020-11-01",1011.08
8434,8,2,"2020-11-01",348.41
8435,8,3,"2020-11-01",117.36
8436,8,4,"2020-11-01",1184.04
8437,9,1,"2020-11-01",1199.3
8438,9,2,"2020-11-01",313.32
8439,9,3,"2020-11-01",102.41
8440,9,4,"2020-11-01",1187.21
8441,10,1,"2020-11-01",1063.79
8442,10,2,"2020-11-01",347.2
8443,10,3,"2020-11-01",119.53
8444,10,4,"2020-11-01",1104.71
8445,13,1,"2020-11-01",1137.51
8446,13,2,"2020-11-01",352.02
8447,13,3,"2020-11-01",105.45
8448,13,4,"2020-11-01",1152.13
8449,15,1,"2020-11-01",1197.28
8450,15,2,"2020-11-01",339.0
8451,15,3,"2020-11-01",105.81
8452,15,4,"2020-11-01",1100.51
8453,20,1,"2020-11-01",1128.28
8454,20,2,"2020-11-01",341.96
8455,20,3,"2020-11-01",111.45
8456,20,4,"2020-11-01",1153.06
8457,17,1,"2020-11-01",1021.67
8458,17,2,"2020-11-01",314.75
8459,17,3,"2020-11-01",118.08
8460,17,4,"2020-11-01",1156.51
8461,21,1,"2020-11-01",1040.17
8462,21,2,"2020-11-01",339.39
8463,21,3,"2020-11-01",113.6
8464,21,4,"2020-11-01",1086.18
8465,22,1,"2020-11-01",1022.82
8466,22,2,"2020-11-01",316.68
8467,22,3,"2020-11-01",100.95
8468,22,4,"2020-11-01",1080.54
8469,12,1,"2020-11-01",1174.33
8470,12,2,"2020-11-01",309.01
8471,12,3,"2020-11-01",102.71
8472,12,4,"2020-11-01",1045.57
8473,14,1,"2020-11-01",1146.48
8474,14,2,"2020-11-01",358.7
8475,14,3,"2020-11-01",113.89
8476,14,4,"2020-11-01",1107.46
8477,19,1,"2020-11-01",1120.62
8478,19,2,"2020-11-01",324.22
8479,19,3,"2020-11-01",104.18
8480,19,4,"2020-11-01",1166.63
8481,16,1,"2020-11-01",1107.85
8482,16,2,"2020-11-01",311.81
8483,16,3,"2020-11-01",107.33
8484,16,4,"2020-11-01",1048.55
8485,11,1,"2020-11-01",1022.72
8486,11,2,"2020-11-01",350.39
8487,11,3,"2020-11-01",117.17
8488,11,4,"2020-11-01",1154.5
8489,25,1,"2020-11-01",1057.46
8490,25,2,"2020-11-01",307.14
8491,25,3,"2020-11-01",114.67
8492,25,4,"2020-11-01",1061.84
8493,26,1,"2020-11-01",1069.23
8494,26,2,"2020-11-01",348.19
8495,26,3,"2020-11-01",119.55
8496,26,4,"2020-11-01",1095.72
8497,27,1,"2020-11-01",1092.0
8498,27,2,"2020-11-01",351.85
8499,27,3,"2020-11-01",118.81
8500,27,4,"2020-11-01",1022.24
8501,29,1,"2020-11-01",1146.76
8502,29,2,"2020-11-01",320.13
8503,29,3,"2020-11-01",109.51
8504,29,4,"2020-11-01",1074.49
8505,30,1,"2020-11-01",1086.99
8506,30,2,"2020-11-01",303.45
8507,30,3,"2020-11-01",119.65
8508,30,4,"2020-11-01",1147.84
8509,31,1,"2020-11-01",1149.83
8510,31,2,"2020-11-01",331.68
8511,31,3,"2020-11-01",107.86
8512,31,4,"2020-11-01",1076.11
8513,23,1,"2020-11-01",1144.78
8514,23,2,"2020-11-01",328.67
8515,23,3,"2020-11-01",104.36
8516,23,4,"2020-11-01",1131.07
8517,24,1,"2020-11-01",1124.64
8518,24,2,"2020-11-01",309.0
8519,24,3,"2020-11-01",117.61
8520,24,4,"2020-11-01",1190.3
8521,18,1,"2020-12-01",1023.32
8522,18,2,"2020-12-01",343.72
8523,18,3,"2020-12-01",105.86
8524,18,4,"2020-12-01",1055.94
8525,1,1,"2020-12-01",1103.84
8526,1,2,"2020-12-01",345.42
8527,1,3,"2020-12-01",104.55
8528,1,4,"2020-12-01",1173.22
8529,2,1,"2020-12-01",1129.64
8530,2,2,"2020-12-01",338.56
8531,2,3,"2020-12-01",105.37
8532,2,4,"2020-12-01",1082.92
8533,3,1,"2020-12-01",1053.5
8534,3,2,"2020-12-01",305.63
8535,3,3,"2020-12-01",113.33
8536,3,4,"2020-12-01",1010.21
8537,4,1,"2020-12-01",1051.13
8538,4,2,"2020-12-01",307.51
8539,4,3,"2020-12-01",117.18
8540,4,4,"2020-12-01",1184.08
8541,5,1,"2020-12-01",1004.87
8542,5,2,"2020-12-01",321.63
8543,5,3,"2020-12-01",114.59
8544,5,4,"2020-12-01",1113.08
8545,6,1,"2020-12-01",1127.77
8546,6,2,"2020-12-01",329.89
8547,6,3,"2020-12-01",111.49
8548,6,4,"2020-12-01",1075.4
8549,7,1,"2020-12-01",1032.42
8550,7,2,"2020-12-01",340.77
8551,7,3,"2020-12-01",118.22
8552,7,4,"2020-12-01",1103.41
8553,8,1,"2020-12-01",1170.4
8554,8,2,"2020-12-01",342.53
8555,8,3,"2020-12-01",119.76
8556,8,4,"2020-12-01",1162.75
8557,9,1,"2020-12-01",1020.91
8558,9,2,"2020-12-01",304.9
8559,9,3,"2020-12-01",101.89
8560,9,4,"2020-12-01",1045.36
8561,10,1,"2020-12-01",1170.2
8562,10,2,"2020-12-01",334.48
8563,10,3,"2020-12-01",106.41
8564,10,4,"2020-12-01",1175.77
8565,13,1,"2020-12-01",1086.48
8566,13,2,"2020-12-01",331.53
8567,13,3,"2020-12-01",106.6
8568,13,4,"2020-12-01",1014.9
8569,15,1,"2020-12-01",1076.37
8570,15,2,"2020-12-01",341.15
8571,15,3,"2020-12-01",105.67
8572,15,4,"2020-12-01",1071.87
8573,20,1,"2020-12-01",1189.35
8574,20,2,"2020-12-01",339.35
8575,20,3,"2020-12-01",108.77
8576,20,4,"2020-12-01",1045.07
8577,17,1,"2020-12-01",1162.23
8578,17,2,"2020-12-01",322.79
8579,17,3,"2020-12-01",109.31
8580,17,4,"2020-12-01",1037.46
8581,21,1,"2020-12-01",1108.11
8582,21,2,"2020-12-01",308.46
8583,21,3,"2020-12-01",101.66
8584,21,4,"2020-12-01",1198.35
8585,22,1,"2020-12-01",1141.99
8586,22,2,"2020-12-01",334.48
8587,22,3,"2020-12-01",114.87
8588,22,4,"2020-12-01",1198.61
8589,12,1,"2020-12-01",1147.01
8590,12,2,"2020-12-01",341.76
8591,12,3,"2020-12-01",105.5
8592,12,4,"2020-12-01",1057.52
8593,14,1,"2020-12-01",1122.5
8594,14,2,"2020-12-01",311.99
8595,14,3,"2020-12-01",103.23
8596,14,4,"2020-12-01",1041.43
8597,19,1,"2020-12-01",1110.39
8598,19,2,"2020-12-01",308.3
8599,19,3,"2020-12-01",100.71
8600,19,4,"2020-12-01",1152.71
8601,16,1,"2020-12-01",1142.13
8602,16,2,"2020-12-01",315.76
8603,16,3,"2020-12-01",103.63
8604,16,4,"2020-12-01",1023.7
8605,11,1,"2020-12-01",1009.73
8606,11,2,"2020-12-01",353.26
8607,11,3,"2020-12-01",105.85
8608,11,4,"2020-12-01",1159.78
8609,25,1,"2020-12-01",1023.46
8610,25,2,"2020-12-01",311.39
8611,25,3,"2020-12-01",111.95
8612,25,4,"2020-12-01",1083.6
8613,26,1,"2020-12-01",1059.48
8614,26,2,"2020-12-01",313.98
8615,26,3,"2020-12-01",105.45
8616,26,4,"2020-12-01",1132.82
8617,27,1,"2020-12-01",1100.56
8618,27,2,"2020-12-01",331.3
8619,27,3,"2020-12-01",102.0
8620,27,4,"2020-12-01",1186.85
8621,29,1,"2020-12-01",1074.34
8622,29,2,"2020-12-01",303.35
8623,29,3,"2020-12-01",103.27
8624,29,4,"2020-12-01",1130.24
8625,30,1,"2020-12-01",1153.0
8626,30,2,"2020-12-01",352.28
8627,30,3,"2020-12-01",101.23
8628,30,4,"2020-12-01",1138.86
8629,31,1,"2020-12-01",1057.31
8630,31,2,"2020-12-01",321.0
8631,31,3,"2020-12-01",117.8
8632,31,4,"2020-12-01",1079.97
8633,23,1,"2020-12-01",1065.87
8634,23,2,"2020-12-01",326.84
8635,23,3,"2020-12-01",104.97
8636,23,4,"2020-12-01",1180.27
8637,24,1,"2020-12-01",1152.15
8638,24,2,"2020-12-01",305.98
8639,24,3,"2020-12-01",104.32
8640,24,4,"2020-12-01",1156.31
